ISO-10303-21;
HEADER;
/* Generated by software containing ST-Developer
 * from STEP Tools, Inc. (www.steptools.com) 
 */
/* OPTION: using custom renumber hook */

FILE_DESCRIPTION(
/* description */ ('STEP AP242 Edition 2',
'CAx-IF Rec.Pracs.---Representation and Presentation of Product Manufa
cturing Information (PMI)---4.0---2014-10-13',
'CAx-IF Rec.Pracs.---3D Tessellated Geometry---0.4---2014-09-14','2;1',
'CAx-IF Rec.Pracs.---User Defined Attributes---1.5---2016-08-15'),
/* implementation_level */ '2;1');

FILE_NAME(
/* name */ 'Part Studio 1',
/* time_stamp */ '2026-10-05T23:39:10Z',
/* author */ (''),
/* organization */ (''),
/* preprocessor_version */ 'ST-DEVELOPER v20',
/* originating_system */ 'ONSHAPE BY PTC INC, 1.221',
/* authorisation */ '  ');

FILE_SCHEMA (('AP242_MANAGED_MODEL_BASED_3D_ENGINEERING_MIM_LF { 1 0 10303 442 3 1 4 }'));
ENDSEC;

DATA;
#10=SHAPE_REPRESENTATION_RELATIONSHIP('','',#3113,#13);
#11=SHAPE_REPRESENTATION_RELATIONSHIP('','',#3114,#14);
#12=SHAPE_REPRESENTATION_RELATIONSHIP('','',#3115,#15);
#13=ADVANCED_BREP_SHAPE_REPRESENTATION('',(#3107),#5151);
#14=ADVANCED_BREP_SHAPE_REPRESENTATION('',(#3108),#5152);
#15=ADVANCED_BREP_SHAPE_REPRESENTATION('',(#3109),#5153);
#16=CYLINDRICAL_SURFACE('',#3121,0.0017);
#17=CYLINDRICAL_SURFACE('',#3131,0.0017);
#18=CYLINDRICAL_SURFACE('',#3139,0.0017);
#19=CYLINDRICAL_SURFACE('',#3147,0.0017);
#20=CYLINDRICAL_SURFACE('',#3181,0.005);
#21=CYLINDRICAL_SURFACE('',#3182,0.005);
#22=CYLINDRICAL_SURFACE('',#3183,0.005);
#23=CYLINDRICAL_SURFACE('',#3185,0.005);
#24=CYLINDRICAL_SURFACE('',#3188,0.0048);
#25=CYLINDRICAL_SURFACE('',#3189,0.0048);
#26=CYLINDRICAL_SURFACE('',#3190,0.0032);
#27=CYLINDRICAL_SURFACE('',#3193,0.0048);
#28=CYLINDRICAL_SURFACE('',#3194,0.0048);
#29=CYLINDRICAL_SURFACE('',#3195,0.0032);
#30=CYLINDRICAL_SURFACE('',#3198,0.0048);
#31=CYLINDRICAL_SURFACE('',#3199,0.0048);
#32=CYLINDRICAL_SURFACE('',#3200,0.0032);
#33=CYLINDRICAL_SURFACE('',#3203,0.0048);
#34=CYLINDRICAL_SURFACE('',#3204,0.0048);
#35=CYLINDRICAL_SURFACE('',#3205,0.0032);
#36=CYLINDRICAL_SURFACE('',#3274,0.001);
#37=CYLINDRICAL_SURFACE('',#3275,0.001);
#38=CYLINDRICAL_SURFACE('',#3276,0.001);
#39=CYLINDRICAL_SURFACE('',#3278,0.001);
#40=CYLINDRICAL_SURFACE('',#3281,0.003);
#41=CYLINDRICAL_SURFACE('',#3285,0.00085);
#42=CYLINDRICAL_SURFACE('',#3288,0.003);
#43=CYLINDRICAL_SURFACE('',#3292,0.00085);
#44=CYLINDRICAL_SURFACE('',#3313,0.002);
#45=CYLINDRICAL_SURFACE('',#3314,0.002);
#46=CYLINDRICAL_SURFACE('',#3315,0.002);
#47=CYLINDRICAL_SURFACE('',#3317,0.002);
#48=CYLINDRICAL_SURFACE('',#3318,0.0012);
#49=CYLINDRICAL_SURFACE('',#3319,0.0012);
#50=CYLINDRICAL_SURFACE('',#3350,0.005);
#51=CYLINDRICAL_SURFACE('',#3351,0.005);
#52=CYLINDRICAL_SURFACE('',#3352,0.005);
#53=CYLINDRICAL_SURFACE('',#3354,0.005);
#54=CYLINDRICAL_SURFACE('',#3363,0.0045);
#55=CYLINDRICAL_SURFACE('',#3364,0.0021);
#56=CYLINDRICAL_SURFACE('',#3370,0.0016);
#57=CYLINDRICAL_SURFACE('',#3371,0.0045);
#58=CYLINDRICAL_SURFACE('',#3372,0.0021);
#59=CYLINDRICAL_SURFACE('',#3378,0.0016);
#60=CYLINDRICAL_SURFACE('',#3379,0.0045);
#61=CYLINDRICAL_SURFACE('',#3380,0.0021);
#62=CYLINDRICAL_SURFACE('',#3386,0.0016);
#63=CYLINDRICAL_SURFACE('',#3387,0.0045);
#64=CYLINDRICAL_SURFACE('',#3388,0.0021);
#65=CYLINDRICAL_SURFACE('',#3394,0.0016);
#66=CYLINDRICAL_SURFACE('',#3395,0.0041);
#67=CYLINDRICAL_SURFACE('',#3398,0.0041);
#68=CYLINDRICAL_SURFACE('',#3401,0.0041);
#69=CYLINDRICAL_SURFACE('',#3404,0.0041);
#70=CIRCLE('',#3120,0.0048);
#71=CIRCLE('',#3122,0.0017);
#72=CIRCLE('',#3123,0.0017);
#73=CIRCLE('',#3129,0.0048);
#74=CIRCLE('',#3130,0.0048);
#75=CIRCLE('',#3132,0.0017);
#76=CIRCLE('',#3133,0.0017);
#77=CIRCLE('',#3137,0.0048);
#78=CIRCLE('',#3138,0.0048);
#79=CIRCLE('',#3140,0.0017);
#80=CIRCLE('',#3141,0.0017);
#81=CIRCLE('',#3145,0.0048);
#82=CIRCLE('',#3146,0.0048);
#83=CIRCLE('',#3148,0.0017);
#84=CIRCLE('',#3149,0.0017);
#85=CIRCLE('',#3153,0.001);
#86=CIRCLE('',#3154,0.001);
#87=CIRCLE('',#3155,0.001);
#88=CIRCLE('',#3156,0.001);
#89=CIRCLE('',#3157,0.0032);
#90=CIRCLE('',#3158,0.0032);
#91=CIRCLE('',#3159,0.0032);
#92=CIRCLE('',#3160,0.0032);
#93=CIRCLE('',#3161,0.005);
#94=CIRCLE('',#3162,0.005);
#95=CIRCLE('',#3163,0.005);
#96=CIRCLE('',#3164,0.005);
#97=CIRCLE('',#3166,0.003);
#98=CIRCLE('',#3167,0.003);
#99=CIRCLE('',#3168,0.0048);
#100=CIRCLE('',#3169,0.0048);
#101=CIRCLE('',#3170,0.005);
#102=CIRCLE('',#3171,0.005);
#103=CIRCLE('',#3172,0.005);
#104=CIRCLE('',#3173,0.005);
#105=CIRCLE('',#3174,0.0048);
#106=CIRCLE('',#3175,0.0048);
#107=CIRCLE('',#3176,0.0048);
#108=CIRCLE('',#3177,0.0048);
#109=CIRCLE('',#3178,0.0048);
#110=CIRCLE('',#3179,0.0048);
#111=CIRCLE('',#3187,0.0048);
#112=CIRCLE('',#3191,0.0032);
#113=CIRCLE('',#3196,0.0032);
#114=CIRCLE('',#3201,0.0032);
#115=CIRCLE('',#3206,0.0032);
#116=CIRCLE('',#3267,0.001);
#117=CIRCLE('',#3268,0.001);
#118=CIRCLE('',#3269,0.001);
#119=CIRCLE('',#3270,0.001);
#120=CIRCLE('',#3282,0.003);
#121=CIRCLE('',#3284,0.00085);
#122=CIRCLE('',#3286,0.00085);
#123=CIRCLE('',#3289,0.003);
#124=CIRCLE('',#3291,0.00085);
#125=CIRCLE('',#3293,0.00085);
#126=CIRCLE('',#3299,0.0012);
#127=CIRCLE('',#3300,0.0012);
#128=CIRCLE('',#3301,0.002);
#129=CIRCLE('',#3302,0.002);
#130=CIRCLE('',#3303,0.002);
#131=CIRCLE('',#3304,0.002);
#132=CIRCLE('',#3306,0.0012);
#133=CIRCLE('',#3307,0.0012);
#134=CIRCLE('',#3308,0.002);
#135=CIRCLE('',#3309,0.002);
#136=CIRCLE('',#3310,0.002);
#137=CIRCLE('',#3311,0.002);
#138=CIRCLE('',#3328,0.0021);
#139=CIRCLE('',#3329,0.0045);
#140=CIRCLE('',#3330,0.0045);
#141=CIRCLE('',#3331,0.0045);
#142=CIRCLE('',#3332,0.0045);
#143=CIRCLE('',#3333,0.005);
#144=CIRCLE('',#3334,0.005);
#145=CIRCLE('',#3335,0.005);
#146=CIRCLE('',#3336,0.005);
#147=CIRCLE('',#3337,0.0021);
#148=CIRCLE('',#3338,0.0021);
#149=CIRCLE('',#3339,0.0021);
#150=CIRCLE('',#3341,0.0041);
#151=CIRCLE('',#3342,0.0041);
#152=CIRCLE('',#3343,0.0041);
#153=CIRCLE('',#3344,0.0041);
#154=CIRCLE('',#3345,0.005);
#155=CIRCLE('',#3346,0.005);
#156=CIRCLE('',#3347,0.005);
#157=CIRCLE('',#3348,0.005);
#158=CIRCLE('',#3356,0.0045);
#159=CIRCLE('',#3357,0.0045);
#160=CIRCLE('',#3358,0.0045);
#161=CIRCLE('',#3359,0.0045);
#162=CIRCLE('',#3365,0.0021);
#163=CIRCLE('',#3367,0.0016);
#164=CIRCLE('',#3369,0.0016);
#165=CIRCLE('',#3373,0.0021);
#166=CIRCLE('',#3375,0.0016);
#167=CIRCLE('',#3377,0.0016);
#168=CIRCLE('',#3381,0.0021);
#169=CIRCLE('',#3383,0.0016);
#170=CIRCLE('',#3385,0.0016);
#171=CIRCLE('',#3389,0.0021);
#172=CIRCLE('',#3391,0.0016);
#173=CIRCLE('',#3393,0.0016);
#174=CIRCLE('',#3396,0.0041);
#175=CIRCLE('',#3399,0.0041);
#176=CIRCLE('',#3402,0.0041);
#177=CIRCLE('',#3405,0.0041);
#178=ORIENTED_EDGE('',*,*,#978,.F.);
#179=ORIENTED_EDGE('',*,*,#979,.T.);
#180=ORIENTED_EDGE('',*,*,#980,.F.);
#181=ORIENTED_EDGE('',*,*,#981,.T.);
#182=ORIENTED_EDGE('',*,*,#982,.F.);
#183=ORIENTED_EDGE('',*,*,#983,.F.);
#184=ORIENTED_EDGE('',*,*,#984,.F.);
#185=ORIENTED_EDGE('',*,*,#985,.T.);
#186=ORIENTED_EDGE('',*,*,#986,.F.);
#187=ORIENTED_EDGE('',*,*,#978,.T.);
#188=ORIENTED_EDGE('',*,*,#987,.F.);
#189=ORIENTED_EDGE('',*,*,#983,.T.);
#190=ORIENTED_EDGE('',*,*,#988,.T.);
#191=ORIENTED_EDGE('',*,*,#989,.T.);
#192=ORIENTED_EDGE('',*,*,#990,.F.);
#193=ORIENTED_EDGE('',*,*,#991,.T.);
#194=ORIENTED_EDGE('',*,*,#992,.F.);
#195=ORIENTED_EDGE('',*,*,#993,.T.);
#196=ORIENTED_EDGE('',*,*,#994,.F.);
#197=ORIENTED_EDGE('',*,*,#995,.T.);
#198=ORIENTED_EDGE('',*,*,#996,.T.);
#199=ORIENTED_EDGE('',*,*,#997,.T.);
#200=ORIENTED_EDGE('',*,*,#998,.F.);
#201=ORIENTED_EDGE('',*,*,#999,.F.);
#202=ORIENTED_EDGE('',*,*,#1000,.T.);
#203=ORIENTED_EDGE('',*,*,#1001,.F.);
#204=ORIENTED_EDGE('',*,*,#1002,.F.);
#205=ORIENTED_EDGE('',*,*,#1003,.T.);
#206=ORIENTED_EDGE('',*,*,#1004,.T.);
#207=ORIENTED_EDGE('',*,*,#1005,.F.);
#208=ORIENTED_EDGE('',*,*,#1006,.F.);
#209=ORIENTED_EDGE('',*,*,#993,.F.);
#210=ORIENTED_EDGE('',*,*,#1007,.F.);
#211=ORIENTED_EDGE('',*,*,#996,.F.);
#212=ORIENTED_EDGE('',*,*,#1008,.T.);
#213=ORIENTED_EDGE('',*,*,#1009,.T.);
#214=ORIENTED_EDGE('',*,*,#1010,.F.);
#215=ORIENTED_EDGE('',*,*,#1011,.T.);
#216=ORIENTED_EDGE('',*,*,#1012,.F.);
#217=ORIENTED_EDGE('',*,*,#1013,.T.);
#218=ORIENTED_EDGE('',*,*,#1014,.F.);
#219=ORIENTED_EDGE('',*,*,#1015,.T.);
#220=ORIENTED_EDGE('',*,*,#1016,.T.);
#221=ORIENTED_EDGE('',*,*,#1017,.T.);
#222=ORIENTED_EDGE('',*,*,#1018,.F.);
#223=ORIENTED_EDGE('',*,*,#1013,.F.);
#224=ORIENTED_EDGE('',*,*,#1019,.F.);
#225=ORIENTED_EDGE('',*,*,#1016,.F.);
#226=ORIENTED_EDGE('',*,*,#1020,.T.);
#227=ORIENTED_EDGE('',*,*,#1021,.T.);
#228=ORIENTED_EDGE('',*,*,#1022,.F.);
#229=ORIENTED_EDGE('',*,*,#1023,.T.);
#230=ORIENTED_EDGE('',*,*,#1024,.F.);
#231=ORIENTED_EDGE('',*,*,#1025,.T.);
#232=ORIENTED_EDGE('',*,*,#1026,.F.);
#233=ORIENTED_EDGE('',*,*,#1027,.T.);
#234=ORIENTED_EDGE('',*,*,#1028,.F.);
#235=ORIENTED_EDGE('',*,*,#1029,.F.);
#236=ORIENTED_EDGE('',*,*,#1030,.F.);
#237=ORIENTED_EDGE('',*,*,#1029,.T.);
#238=ORIENTED_EDGE('',*,*,#1031,.F.);
#239=ORIENTED_EDGE('',*,*,#1024,.T.);
#240=ORIENTED_EDGE('',*,*,#1032,.T.);
#241=ORIENTED_EDGE('',*,*,#1033,.T.);
#242=ORIENTED_EDGE('',*,*,#1034,.T.);
#243=ORIENTED_EDGE('',*,*,#1035,.F.);
#244=ORIENTED_EDGE('',*,*,#1036,.F.);
#245=ORIENTED_EDGE('',*,*,#1037,.T.);
#246=ORIENTED_EDGE('',*,*,#1038,.F.);
#247=ORIENTED_EDGE('',*,*,#1039,.F.);
#248=ORIENTED_EDGE('',*,*,#1040,.T.);
#249=ORIENTED_EDGE('',*,*,#1041,.T.);
#250=ORIENTED_EDGE('',*,*,#1042,.T.);
#251=ORIENTED_EDGE('',*,*,#1043,.T.);
#252=ORIENTED_EDGE('',*,*,#1044,.T.);
#253=ORIENTED_EDGE('',*,*,#1045,.T.);
#254=ORIENTED_EDGE('',*,*,#1046,.T.);
#255=ORIENTED_EDGE('',*,*,#1047,.F.);
#256=ORIENTED_EDGE('',*,*,#1048,.T.);
#257=ORIENTED_EDGE('',*,*,#1049,.F.);
#258=ORIENTED_EDGE('',*,*,#1050,.F.);
#259=ORIENTED_EDGE('',*,*,#1051,.F.);
#260=ORIENTED_EDGE('',*,*,#1052,.T.);
#261=ORIENTED_EDGE('',*,*,#1053,.T.);
#262=ORIENTED_EDGE('',*,*,#1054,.F.);
#263=ORIENTED_EDGE('',*,*,#1055,.F.);
#264=ORIENTED_EDGE('',*,*,#1056,.T.);
#265=ORIENTED_EDGE('',*,*,#1057,.T.);
#266=ORIENTED_EDGE('',*,*,#1058,.F.);
#267=ORIENTED_EDGE('',*,*,#1059,.F.);
#268=ORIENTED_EDGE('',*,*,#1060,.T.);
#269=ORIENTED_EDGE('',*,*,#1061,.T.);
#270=ORIENTED_EDGE('',*,*,#1062,.F.);
#271=ORIENTED_EDGE('',*,*,#1063,.F.);
#272=ORIENTED_EDGE('',*,*,#1064,.T.);
#273=ORIENTED_EDGE('',*,*,#1065,.T.);
#274=ORIENTED_EDGE('',*,*,#1066,.F.);
#275=ORIENTED_EDGE('',*,*,#1067,.F.);
#276=ORIENTED_EDGE('',*,*,#1068,.T.);
#277=ORIENTED_EDGE('',*,*,#1069,.T.);
#278=ORIENTED_EDGE('',*,*,#1070,.F.);
#279=ORIENTED_EDGE('',*,*,#1071,.F.);
#280=ORIENTED_EDGE('',*,*,#1072,.T.);
#281=ORIENTED_EDGE('',*,*,#1073,.T.);
#282=ORIENTED_EDGE('',*,*,#1074,.T.);
#283=ORIENTED_EDGE('',*,*,#1075,.T.);
#284=ORIENTED_EDGE('',*,*,#1076,.T.);
#285=ORIENTED_EDGE('',*,*,#1077,.T.);
#286=ORIENTED_EDGE('',*,*,#1040,.F.);
#287=ORIENTED_EDGE('',*,*,#1078,.T.);
#288=ORIENTED_EDGE('',*,*,#1079,.F.);
#289=ORIENTED_EDGE('',*,*,#1080,.T.);
#290=ORIENTED_EDGE('',*,*,#1036,.T.);
#291=ORIENTED_EDGE('',*,*,#1081,.T.);
#292=ORIENTED_EDGE('',*,*,#1082,.T.);
#293=ORIENTED_EDGE('',*,*,#1083,.T.);
#294=ORIENTED_EDGE('',*,*,#1084,.F.);
#295=ORIENTED_EDGE('',*,*,#1085,.F.);
#296=ORIENTED_EDGE('',*,*,#1086,.T.);
#297=ORIENTED_EDGE('',*,*,#1001,.T.);
#298=ORIENTED_EDGE('',*,*,#1087,.F.);
#299=ORIENTED_EDGE('',*,*,#1004,.F.);
#300=ORIENTED_EDGE('',*,*,#980,.T.);
#301=ORIENTED_EDGE('',*,*,#1088,.F.);
#302=ORIENTED_EDGE('',*,*,#985,.F.);
#303=ORIENTED_EDGE('',*,*,#1089,.F.);
#304=ORIENTED_EDGE('',*,*,#1038,.T.);
#305=ORIENTED_EDGE('',*,*,#1090,.F.);
#306=ORIENTED_EDGE('',*,*,#1091,.F.);
#307=ORIENTED_EDGE('',*,*,#1092,.F.);
#308=ORIENTED_EDGE('',*,*,#1034,.F.);
#309=ORIENTED_EDGE('',*,*,#1093,.F.);
#310=ORIENTED_EDGE('',*,*,#1094,.T.);
#311=ORIENTED_EDGE('',*,*,#1095,.F.);
#312=ORIENTED_EDGE('',*,*,#1096,.T.);
#313=ORIENTED_EDGE('',*,*,#1097,.T.);
#314=ORIENTED_EDGE('',*,*,#1098,.F.);
#315=ORIENTED_EDGE('',*,*,#1099,.F.);
#316=ORIENTED_EDGE('',*,*,#1100,.T.);
#317=ORIENTED_EDGE('',*,*,#1101,.T.);
#318=ORIENTED_EDGE('',*,*,#1102,.F.);
#319=ORIENTED_EDGE('',*,*,#1103,.F.);
#320=ORIENTED_EDGE('',*,*,#1104,.T.);
#321=ORIENTED_EDGE('',*,*,#1105,.T.);
#322=ORIENTED_EDGE('',*,*,#1106,.F.);
#323=ORIENTED_EDGE('',*,*,#1107,.F.);
#324=ORIENTED_EDGE('',*,*,#1108,.T.);
#325=ORIENTED_EDGE('',*,*,#1109,.T.);
#326=ORIENTED_EDGE('',*,*,#1110,.F.);
#327=ORIENTED_EDGE('',*,*,#1111,.F.);
#328=ORIENTED_EDGE('',*,*,#1112,.T.);
#329=ORIENTED_EDGE('',*,*,#1113,.T.);
#330=ORIENTED_EDGE('',*,*,#1114,.F.);
#331=ORIENTED_EDGE('',*,*,#1115,.F.);
#332=ORIENTED_EDGE('',*,*,#1116,.T.);
#333=ORIENTED_EDGE('',*,*,#1117,.T.);
#334=ORIENTED_EDGE('',*,*,#1118,.F.);
#335=ORIENTED_EDGE('',*,*,#1119,.F.);
#336=ORIENTED_EDGE('',*,*,#1120,.T.);
#337=ORIENTED_EDGE('',*,*,#1121,.T.);
#338=ORIENTED_EDGE('',*,*,#1122,.F.);
#339=ORIENTED_EDGE('',*,*,#1123,.F.);
#340=ORIENTED_EDGE('',*,*,#988,.F.);
#341=ORIENTED_EDGE('',*,*,#991,.F.);
#342=ORIENTED_EDGE('',*,*,#1124,.F.);
#343=ORIENTED_EDGE('',*,*,#994,.T.);
#344=ORIENTED_EDGE('',*,*,#1125,.F.);
#345=ORIENTED_EDGE('',*,*,#1008,.F.);
#346=ORIENTED_EDGE('',*,*,#1126,.F.);
#347=ORIENTED_EDGE('',*,*,#1014,.T.);
#348=ORIENTED_EDGE('',*,*,#1127,.F.);
#349=ORIENTED_EDGE('',*,*,#1011,.F.);
#350=ORIENTED_EDGE('',*,*,#1020,.F.);
#351=ORIENTED_EDGE('',*,*,#1128,.F.);
#352=ORIENTED_EDGE('',*,*,#1022,.T.);
#353=ORIENTED_EDGE('',*,*,#1129,.F.);
#354=ORIENTED_EDGE('',*,*,#1027,.F.);
#355=ORIENTED_EDGE('',*,*,#1032,.F.);
#356=ORIENTED_EDGE('',*,*,#1091,.T.);
#357=ORIENTED_EDGE('',*,*,#1130,.F.);
#358=ORIENTED_EDGE('',*,*,#1082,.F.);
#359=ORIENTED_EDGE('',*,*,#1131,.T.);
#360=ORIENTED_EDGE('',*,*,#1090,.T.);
#361=ORIENTED_EDGE('',*,*,#1041,.F.);
#362=ORIENTED_EDGE('',*,*,#1083,.F.);
#363=ORIENTED_EDGE('',*,*,#1130,.T.);
#364=ORIENTED_EDGE('',*,*,#1081,.F.);
#365=ORIENTED_EDGE('',*,*,#1035,.T.);
#366=ORIENTED_EDGE('',*,*,#1092,.T.);
#367=ORIENTED_EDGE('',*,*,#1131,.F.);
#368=ORIENTED_EDGE('',*,*,#1093,.T.);
#369=ORIENTED_EDGE('',*,*,#1037,.F.);
#370=ORIENTED_EDGE('',*,*,#1080,.F.);
#371=ORIENTED_EDGE('',*,*,#1132,.T.);
#372=ORIENTED_EDGE('',*,*,#1094,.F.);
#373=ORIENTED_EDGE('',*,*,#1132,.F.);
#374=ORIENTED_EDGE('',*,*,#1079,.T.);
#375=ORIENTED_EDGE('',*,*,#1133,.T.);
#376=ORIENTED_EDGE('',*,*,#1039,.T.);
#377=ORIENTED_EDGE('',*,*,#1095,.T.);
#378=ORIENTED_EDGE('',*,*,#1133,.F.);
#379=ORIENTED_EDGE('',*,*,#1078,.F.);
#380=ORIENTED_EDGE('',*,*,#999,.T.);
#381=ORIENTED_EDGE('',*,*,#1134,.T.);
#382=ORIENTED_EDGE('',*,*,#1002,.T.);
#383=ORIENTED_EDGE('',*,*,#1135,.F.);
#384=ORIENTED_EDGE('',*,*,#1012,.T.);
#385=ORIENTED_EDGE('',*,*,#1127,.T.);
#386=ORIENTED_EDGE('',*,*,#1017,.F.);
#387=ORIENTED_EDGE('',*,*,#1019,.T.);
#388=ORIENTED_EDGE('',*,*,#1031,.T.);
#389=ORIENTED_EDGE('',*,*,#1028,.T.);
#390=ORIENTED_EDGE('',*,*,#1129,.T.);
#391=ORIENTED_EDGE('',*,*,#1025,.F.);
#392=ORIENTED_EDGE('',*,*,#1077,.F.);
#393=ORIENTED_EDGE('',*,*,#1136,.F.);
#394=ORIENTED_EDGE('',*,*,#1033,.F.);
#395=ORIENTED_EDGE('',*,*,#1136,.T.);
#396=ORIENTED_EDGE('',*,*,#1128,.T.);
#397=ORIENTED_EDGE('',*,*,#1026,.T.);
#398=ORIENTED_EDGE('',*,*,#1030,.T.);
#399=ORIENTED_EDGE('',*,*,#1023,.F.);
#400=ORIENTED_EDGE('',*,*,#1135,.T.);
#401=ORIENTED_EDGE('',*,*,#1005,.T.);
#402=ORIENTED_EDGE('',*,*,#1087,.T.);
#403=ORIENTED_EDGE('',*,*,#1000,.F.);
#404=ORIENTED_EDGE('',*,*,#1076,.F.);
#405=ORIENTED_EDGE('',*,*,#1137,.F.);
#406=ORIENTED_EDGE('',*,*,#1021,.F.);
#407=ORIENTED_EDGE('',*,*,#1137,.T.);
#408=ORIENTED_EDGE('',*,*,#1010,.T.);
#409=ORIENTED_EDGE('',*,*,#1018,.T.);
#410=ORIENTED_EDGE('',*,*,#1015,.F.);
#411=ORIENTED_EDGE('',*,*,#1126,.T.);
#412=ORIENTED_EDGE('',*,*,#992,.T.);
#413=ORIENTED_EDGE('',*,*,#1125,.T.);
#414=ORIENTED_EDGE('',*,*,#997,.F.);
#415=ORIENTED_EDGE('',*,*,#1007,.T.);
#416=ORIENTED_EDGE('',*,*,#1075,.F.);
#417=ORIENTED_EDGE('',*,*,#1138,.F.);
#418=ORIENTED_EDGE('',*,*,#1009,.F.);
#419=ORIENTED_EDGE('',*,*,#1138,.T.);
#420=ORIENTED_EDGE('',*,*,#990,.T.);
#421=ORIENTED_EDGE('',*,*,#1006,.T.);
#422=ORIENTED_EDGE('',*,*,#995,.F.);
#423=ORIENTED_EDGE('',*,*,#1124,.T.);
#424=ORIENTED_EDGE('',*,*,#1089,.T.);
#425=ORIENTED_EDGE('',*,*,#984,.T.);
#426=ORIENTED_EDGE('',*,*,#987,.T.);
#427=ORIENTED_EDGE('',*,*,#981,.F.);
#428=ORIENTED_EDGE('',*,*,#1074,.F.);
#429=ORIENTED_EDGE('',*,*,#1139,.F.);
#430=ORIENTED_EDGE('',*,*,#989,.F.);
#431=ORIENTED_EDGE('',*,*,#1139,.T.);
#432=ORIENTED_EDGE('',*,*,#1140,.T.);
#433=ORIENTED_EDGE('',*,*,#1141,.T.);
#434=ORIENTED_EDGE('',*,*,#1142,.F.);
#435=ORIENTED_EDGE('',*,*,#1070,.T.);
#436=ORIENTED_EDGE('',*,*,#1143,.F.);
#437=ORIENTED_EDGE('',*,*,#1140,.F.);
#438=ORIENTED_EDGE('',*,*,#1073,.F.);
#439=ORIENTED_EDGE('',*,*,#1144,.T.);
#440=ORIENTED_EDGE('',*,*,#1145,.F.);
#441=ORIENTED_EDGE('',*,*,#1144,.F.);
#442=ORIENTED_EDGE('',*,*,#1072,.F.);
#443=ORIENTED_EDGE('',*,*,#1146,.T.);
#444=ORIENTED_EDGE('',*,*,#1142,.T.);
#445=ORIENTED_EDGE('',*,*,#1147,.T.);
#446=ORIENTED_EDGE('',*,*,#1146,.F.);
#447=ORIENTED_EDGE('',*,*,#1071,.T.);
#448=ORIENTED_EDGE('',*,*,#1148,.F.);
#449=ORIENTED_EDGE('',*,*,#1149,.F.);
#450=ORIENTED_EDGE('',*,*,#1150,.T.);
#451=ORIENTED_EDGE('',*,*,#1121,.F.);
#452=ORIENTED_EDGE('',*,*,#1122,.T.);
#453=ORIENTED_EDGE('',*,*,#1150,.F.);
#454=ORIENTED_EDGE('',*,*,#1151,.T.);
#455=ORIENTED_EDGE('',*,*,#1152,.T.);
#456=ORIENTED_EDGE('',*,*,#1123,.T.);
#457=ORIENTED_EDGE('',*,*,#1152,.F.);
#458=ORIENTED_EDGE('',*,*,#1153,.T.);
#459=ORIENTED_EDGE('',*,*,#1154,.T.);
#460=ORIENTED_EDGE('',*,*,#1154,.F.);
#461=ORIENTED_EDGE('',*,*,#1155,.F.);
#462=ORIENTED_EDGE('',*,*,#1148,.T.);
#463=ORIENTED_EDGE('',*,*,#1120,.F.);
#464=ORIENTED_EDGE('',*,*,#1149,.T.);
#465=ORIENTED_EDGE('',*,*,#1155,.T.);
#466=ORIENTED_EDGE('',*,*,#1153,.F.);
#467=ORIENTED_EDGE('',*,*,#1151,.F.);
#468=ORIENTED_EDGE('',*,*,#1143,.T.);
#469=ORIENTED_EDGE('',*,*,#1145,.T.);
#470=ORIENTED_EDGE('',*,*,#1147,.F.);
#471=ORIENTED_EDGE('',*,*,#1141,.F.);
#472=ORIENTED_EDGE('',*,*,#1156,.T.);
#473=ORIENTED_EDGE('',*,*,#1157,.T.);
#474=ORIENTED_EDGE('',*,*,#1158,.F.);
#475=ORIENTED_EDGE('',*,*,#1066,.T.);
#476=ORIENTED_EDGE('',*,*,#1159,.F.);
#477=ORIENTED_EDGE('',*,*,#1156,.F.);
#478=ORIENTED_EDGE('',*,*,#1069,.F.);
#479=ORIENTED_EDGE('',*,*,#1160,.T.);
#480=ORIENTED_EDGE('',*,*,#1161,.F.);
#481=ORIENTED_EDGE('',*,*,#1160,.F.);
#482=ORIENTED_EDGE('',*,*,#1068,.F.);
#483=ORIENTED_EDGE('',*,*,#1162,.T.);
#484=ORIENTED_EDGE('',*,*,#1158,.T.);
#485=ORIENTED_EDGE('',*,*,#1163,.T.);
#486=ORIENTED_EDGE('',*,*,#1162,.F.);
#487=ORIENTED_EDGE('',*,*,#1067,.T.);
#488=ORIENTED_EDGE('',*,*,#1164,.F.);
#489=ORIENTED_EDGE('',*,*,#1165,.F.);
#490=ORIENTED_EDGE('',*,*,#1166,.T.);
#491=ORIENTED_EDGE('',*,*,#1117,.F.);
#492=ORIENTED_EDGE('',*,*,#1118,.T.);
#493=ORIENTED_EDGE('',*,*,#1166,.F.);
#494=ORIENTED_EDGE('',*,*,#1167,.T.);
#495=ORIENTED_EDGE('',*,*,#1168,.T.);
#496=ORIENTED_EDGE('',*,*,#1119,.T.);
#497=ORIENTED_EDGE('',*,*,#1168,.F.);
#498=ORIENTED_EDGE('',*,*,#1169,.T.);
#499=ORIENTED_EDGE('',*,*,#1170,.T.);
#500=ORIENTED_EDGE('',*,*,#1170,.F.);
#501=ORIENTED_EDGE('',*,*,#1171,.F.);
#502=ORIENTED_EDGE('',*,*,#1164,.T.);
#503=ORIENTED_EDGE('',*,*,#1116,.F.);
#504=ORIENTED_EDGE('',*,*,#1165,.T.);
#505=ORIENTED_EDGE('',*,*,#1171,.T.);
#506=ORIENTED_EDGE('',*,*,#1169,.F.);
#507=ORIENTED_EDGE('',*,*,#1167,.F.);
#508=ORIENTED_EDGE('',*,*,#1159,.T.);
#509=ORIENTED_EDGE('',*,*,#1161,.T.);
#510=ORIENTED_EDGE('',*,*,#1163,.F.);
#511=ORIENTED_EDGE('',*,*,#1157,.F.);
#512=ORIENTED_EDGE('',*,*,#1172,.T.);
#513=ORIENTED_EDGE('',*,*,#1173,.T.);
#514=ORIENTED_EDGE('',*,*,#1174,.F.);
#515=ORIENTED_EDGE('',*,*,#1062,.T.);
#516=ORIENTED_EDGE('',*,*,#1175,.F.);
#517=ORIENTED_EDGE('',*,*,#1172,.F.);
#518=ORIENTED_EDGE('',*,*,#1065,.F.);
#519=ORIENTED_EDGE('',*,*,#1176,.T.);
#520=ORIENTED_EDGE('',*,*,#1177,.F.);
#521=ORIENTED_EDGE('',*,*,#1176,.F.);
#522=ORIENTED_EDGE('',*,*,#1064,.F.);
#523=ORIENTED_EDGE('',*,*,#1178,.T.);
#524=ORIENTED_EDGE('',*,*,#1174,.T.);
#525=ORIENTED_EDGE('',*,*,#1179,.T.);
#526=ORIENTED_EDGE('',*,*,#1178,.F.);
#527=ORIENTED_EDGE('',*,*,#1063,.T.);
#528=ORIENTED_EDGE('',*,*,#1180,.F.);
#529=ORIENTED_EDGE('',*,*,#1181,.F.);
#530=ORIENTED_EDGE('',*,*,#1182,.T.);
#531=ORIENTED_EDGE('',*,*,#1113,.F.);
#532=ORIENTED_EDGE('',*,*,#1114,.T.);
#533=ORIENTED_EDGE('',*,*,#1182,.F.);
#534=ORIENTED_EDGE('',*,*,#1183,.T.);
#535=ORIENTED_EDGE('',*,*,#1184,.T.);
#536=ORIENTED_EDGE('',*,*,#1115,.T.);
#537=ORIENTED_EDGE('',*,*,#1184,.F.);
#538=ORIENTED_EDGE('',*,*,#1185,.T.);
#539=ORIENTED_EDGE('',*,*,#1186,.T.);
#540=ORIENTED_EDGE('',*,*,#1186,.F.);
#541=ORIENTED_EDGE('',*,*,#1187,.F.);
#542=ORIENTED_EDGE('',*,*,#1180,.T.);
#543=ORIENTED_EDGE('',*,*,#1112,.F.);
#544=ORIENTED_EDGE('',*,*,#1181,.T.);
#545=ORIENTED_EDGE('',*,*,#1187,.T.);
#546=ORIENTED_EDGE('',*,*,#1185,.F.);
#547=ORIENTED_EDGE('',*,*,#1183,.F.);
#548=ORIENTED_EDGE('',*,*,#1175,.T.);
#549=ORIENTED_EDGE('',*,*,#1177,.T.);
#550=ORIENTED_EDGE('',*,*,#1179,.F.);
#551=ORIENTED_EDGE('',*,*,#1173,.F.);
#552=ORIENTED_EDGE('',*,*,#1188,.T.);
#553=ORIENTED_EDGE('',*,*,#1189,.T.);
#554=ORIENTED_EDGE('',*,*,#1190,.F.);
#555=ORIENTED_EDGE('',*,*,#1058,.T.);
#556=ORIENTED_EDGE('',*,*,#1191,.F.);
#557=ORIENTED_EDGE('',*,*,#1188,.F.);
#558=ORIENTED_EDGE('',*,*,#1061,.F.);
#559=ORIENTED_EDGE('',*,*,#1192,.T.);
#560=ORIENTED_EDGE('',*,*,#1193,.F.);
#561=ORIENTED_EDGE('',*,*,#1192,.F.);
#562=ORIENTED_EDGE('',*,*,#1060,.F.);
#563=ORIENTED_EDGE('',*,*,#1194,.T.);
#564=ORIENTED_EDGE('',*,*,#1190,.T.);
#565=ORIENTED_EDGE('',*,*,#1195,.T.);
#566=ORIENTED_EDGE('',*,*,#1194,.F.);
#567=ORIENTED_EDGE('',*,*,#1059,.T.);
#568=ORIENTED_EDGE('',*,*,#1196,.F.);
#569=ORIENTED_EDGE('',*,*,#1197,.F.);
#570=ORIENTED_EDGE('',*,*,#1198,.T.);
#571=ORIENTED_EDGE('',*,*,#1109,.F.);
#572=ORIENTED_EDGE('',*,*,#1110,.T.);
#573=ORIENTED_EDGE('',*,*,#1198,.F.);
#574=ORIENTED_EDGE('',*,*,#1199,.T.);
#575=ORIENTED_EDGE('',*,*,#1200,.T.);
#576=ORIENTED_EDGE('',*,*,#1111,.T.);
#577=ORIENTED_EDGE('',*,*,#1200,.F.);
#578=ORIENTED_EDGE('',*,*,#1201,.T.);
#579=ORIENTED_EDGE('',*,*,#1202,.T.);
#580=ORIENTED_EDGE('',*,*,#1202,.F.);
#581=ORIENTED_EDGE('',*,*,#1203,.F.);
#582=ORIENTED_EDGE('',*,*,#1196,.T.);
#583=ORIENTED_EDGE('',*,*,#1108,.F.);
#584=ORIENTED_EDGE('',*,*,#1197,.T.);
#585=ORIENTED_EDGE('',*,*,#1203,.T.);
#586=ORIENTED_EDGE('',*,*,#1201,.F.);
#587=ORIENTED_EDGE('',*,*,#1199,.F.);
#588=ORIENTED_EDGE('',*,*,#1191,.T.);
#589=ORIENTED_EDGE('',*,*,#1193,.T.);
#590=ORIENTED_EDGE('',*,*,#1195,.F.);
#591=ORIENTED_EDGE('',*,*,#1189,.F.);
#592=ORIENTED_EDGE('',*,*,#1204,.T.);
#593=ORIENTED_EDGE('',*,*,#1205,.T.);
#594=ORIENTED_EDGE('',*,*,#1206,.F.);
#595=ORIENTED_EDGE('',*,*,#1054,.T.);
#596=ORIENTED_EDGE('',*,*,#1207,.F.);
#597=ORIENTED_EDGE('',*,*,#1204,.F.);
#598=ORIENTED_EDGE('',*,*,#1057,.F.);
#599=ORIENTED_EDGE('',*,*,#1208,.T.);
#600=ORIENTED_EDGE('',*,*,#1209,.F.);
#601=ORIENTED_EDGE('',*,*,#1208,.F.);
#602=ORIENTED_EDGE('',*,*,#1056,.F.);
#603=ORIENTED_EDGE('',*,*,#1210,.T.);
#604=ORIENTED_EDGE('',*,*,#1206,.T.);
#605=ORIENTED_EDGE('',*,*,#1211,.T.);
#606=ORIENTED_EDGE('',*,*,#1210,.F.);
#607=ORIENTED_EDGE('',*,*,#1055,.T.);
#608=ORIENTED_EDGE('',*,*,#1212,.F.);
#609=ORIENTED_EDGE('',*,*,#1213,.F.);
#610=ORIENTED_EDGE('',*,*,#1214,.T.);
#611=ORIENTED_EDGE('',*,*,#1105,.F.);
#612=ORIENTED_EDGE('',*,*,#1106,.T.);
#613=ORIENTED_EDGE('',*,*,#1214,.F.);
#614=ORIENTED_EDGE('',*,*,#1215,.T.);
#615=ORIENTED_EDGE('',*,*,#1216,.T.);
#616=ORIENTED_EDGE('',*,*,#1107,.T.);
#617=ORIENTED_EDGE('',*,*,#1216,.F.);
#618=ORIENTED_EDGE('',*,*,#1217,.T.);
#619=ORIENTED_EDGE('',*,*,#1218,.T.);
#620=ORIENTED_EDGE('',*,*,#1218,.F.);
#621=ORIENTED_EDGE('',*,*,#1219,.F.);
#622=ORIENTED_EDGE('',*,*,#1212,.T.);
#623=ORIENTED_EDGE('',*,*,#1104,.F.);
#624=ORIENTED_EDGE('',*,*,#1213,.T.);
#625=ORIENTED_EDGE('',*,*,#1219,.T.);
#626=ORIENTED_EDGE('',*,*,#1217,.F.);
#627=ORIENTED_EDGE('',*,*,#1215,.F.);
#628=ORIENTED_EDGE('',*,*,#1207,.T.);
#629=ORIENTED_EDGE('',*,*,#1209,.T.);
#630=ORIENTED_EDGE('',*,*,#1211,.F.);
#631=ORIENTED_EDGE('',*,*,#1205,.F.);
#632=ORIENTED_EDGE('',*,*,#1220,.T.);
#633=ORIENTED_EDGE('',*,*,#1221,.T.);
#634=ORIENTED_EDGE('',*,*,#1222,.F.);
#635=ORIENTED_EDGE('',*,*,#1050,.T.);
#636=ORIENTED_EDGE('',*,*,#1223,.F.);
#637=ORIENTED_EDGE('',*,*,#1220,.F.);
#638=ORIENTED_EDGE('',*,*,#1053,.F.);
#639=ORIENTED_EDGE('',*,*,#1224,.T.);
#640=ORIENTED_EDGE('',*,*,#1225,.F.);
#641=ORIENTED_EDGE('',*,*,#1224,.F.);
#642=ORIENTED_EDGE('',*,*,#1052,.F.);
#643=ORIENTED_EDGE('',*,*,#1226,.T.);
#644=ORIENTED_EDGE('',*,*,#1222,.T.);
#645=ORIENTED_EDGE('',*,*,#1227,.T.);
#646=ORIENTED_EDGE('',*,*,#1226,.F.);
#647=ORIENTED_EDGE('',*,*,#1051,.T.);
#648=ORIENTED_EDGE('',*,*,#1228,.F.);
#649=ORIENTED_EDGE('',*,*,#1229,.F.);
#650=ORIENTED_EDGE('',*,*,#1230,.T.);
#651=ORIENTED_EDGE('',*,*,#1101,.F.);
#652=ORIENTED_EDGE('',*,*,#1102,.T.);
#653=ORIENTED_EDGE('',*,*,#1230,.F.);
#654=ORIENTED_EDGE('',*,*,#1231,.T.);
#655=ORIENTED_EDGE('',*,*,#1232,.T.);
#656=ORIENTED_EDGE('',*,*,#1103,.T.);
#657=ORIENTED_EDGE('',*,*,#1232,.F.);
#658=ORIENTED_EDGE('',*,*,#1233,.T.);
#659=ORIENTED_EDGE('',*,*,#1234,.T.);
#660=ORIENTED_EDGE('',*,*,#1234,.F.);
#661=ORIENTED_EDGE('',*,*,#1235,.F.);
#662=ORIENTED_EDGE('',*,*,#1228,.T.);
#663=ORIENTED_EDGE('',*,*,#1100,.F.);
#664=ORIENTED_EDGE('',*,*,#1229,.T.);
#665=ORIENTED_EDGE('',*,*,#1235,.T.);
#666=ORIENTED_EDGE('',*,*,#1233,.F.);
#667=ORIENTED_EDGE('',*,*,#1231,.F.);
#668=ORIENTED_EDGE('',*,*,#1223,.T.);
#669=ORIENTED_EDGE('',*,*,#1225,.T.);
#670=ORIENTED_EDGE('',*,*,#1227,.F.);
#671=ORIENTED_EDGE('',*,*,#1221,.F.);
#672=ORIENTED_EDGE('',*,*,#1236,.F.);
#673=ORIENTED_EDGE('',*,*,#1237,.F.);
#674=ORIENTED_EDGE('',*,*,#1238,.T.);
#675=ORIENTED_EDGE('',*,*,#1097,.F.);
#676=ORIENTED_EDGE('',*,*,#1098,.T.);
#677=ORIENTED_EDGE('',*,*,#1238,.F.);
#678=ORIENTED_EDGE('',*,*,#1239,.T.);
#679=ORIENTED_EDGE('',*,*,#1240,.T.);
#680=ORIENTED_EDGE('',*,*,#1099,.T.);
#681=ORIENTED_EDGE('',*,*,#1240,.F.);
#682=ORIENTED_EDGE('',*,*,#1241,.T.);
#683=ORIENTED_EDGE('',*,*,#1242,.T.);
#684=ORIENTED_EDGE('',*,*,#1242,.F.);
#685=ORIENTED_EDGE('',*,*,#1243,.F.);
#686=ORIENTED_EDGE('',*,*,#1236,.T.);
#687=ORIENTED_EDGE('',*,*,#1096,.F.);
#688=ORIENTED_EDGE('',*,*,#1244,.F.);
#689=ORIENTED_EDGE('',*,*,#1245,.F.);
#690=ORIENTED_EDGE('',*,*,#1246,.T.);
#691=ORIENTED_EDGE('',*,*,#1247,.F.);
#692=ORIENTED_EDGE('',*,*,#1248,.T.);
#693=ORIENTED_EDGE('',*,*,#1249,.F.);
#694=ORIENTED_EDGE('',*,*,#1250,.F.);
#695=ORIENTED_EDGE('',*,*,#1251,.F.);
#696=ORIENTED_EDGE('',*,*,#1237,.T.);
#697=ORIENTED_EDGE('',*,*,#1243,.T.);
#698=ORIENTED_EDGE('',*,*,#1241,.F.);
#699=ORIENTED_EDGE('',*,*,#1239,.F.);
#700=ORIENTED_EDGE('',*,*,#1252,.T.);
#701=ORIENTED_EDGE('',*,*,#1250,.T.);
#702=ORIENTED_EDGE('',*,*,#1253,.F.);
#703=ORIENTED_EDGE('',*,*,#1045,.F.);
#704=ORIENTED_EDGE('',*,*,#1049,.T.);
#705=ORIENTED_EDGE('',*,*,#1254,.T.);
#706=ORIENTED_EDGE('',*,*,#1246,.F.);
#707=ORIENTED_EDGE('',*,*,#1255,.F.);
#708=ORIENTED_EDGE('',*,*,#1256,.T.);
#709=ORIENTED_EDGE('',*,*,#1244,.T.);
#710=ORIENTED_EDGE('',*,*,#1257,.F.);
#711=ORIENTED_EDGE('',*,*,#1043,.F.);
#712=ORIENTED_EDGE('',*,*,#1255,.T.);
#713=ORIENTED_EDGE('',*,*,#1245,.T.);
#714=ORIENTED_EDGE('',*,*,#1256,.F.);
#715=ORIENTED_EDGE('',*,*,#1042,.F.);
#716=ORIENTED_EDGE('',*,*,#1257,.T.);
#717=ORIENTED_EDGE('',*,*,#1251,.T.);
#718=ORIENTED_EDGE('',*,*,#1252,.F.);
#719=ORIENTED_EDGE('',*,*,#1044,.F.);
#720=ORIENTED_EDGE('',*,*,#1253,.T.);
#721=ORIENTED_EDGE('',*,*,#1249,.T.);
#722=ORIENTED_EDGE('',*,*,#1258,.F.);
#723=ORIENTED_EDGE('',*,*,#1046,.F.);
#724=ORIENTED_EDGE('',*,*,#1047,.T.);
#725=ORIENTED_EDGE('',*,*,#1258,.T.);
#726=ORIENTED_EDGE('',*,*,#1248,.F.);
#727=ORIENTED_EDGE('',*,*,#1259,.F.);
#728=ORIENTED_EDGE('',*,*,#1259,.T.);
#729=ORIENTED_EDGE('',*,*,#1247,.T.);
#730=ORIENTED_EDGE('',*,*,#1254,.F.);
#731=ORIENTED_EDGE('',*,*,#1048,.F.);
#732=ORIENTED_EDGE('',*,*,#998,.T.);
#733=ORIENTED_EDGE('',*,*,#1086,.F.);
#734=ORIENTED_EDGE('',*,*,#1003,.F.);
#735=ORIENTED_EDGE('',*,*,#1134,.F.);
#736=ORIENTED_EDGE('',*,*,#986,.T.);
#737=ORIENTED_EDGE('',*,*,#982,.T.);
#738=ORIENTED_EDGE('',*,*,#1088,.T.);
#739=ORIENTED_EDGE('',*,*,#979,.F.);
#740=ORIENTED_EDGE('',*,*,#1260,.T.);
#741=ORIENTED_EDGE('',*,*,#1085,.T.);
#742=ORIENTED_EDGE('',*,*,#1261,.F.);
#743=ORIENTED_EDGE('',*,*,#1260,.F.);
#744=ORIENTED_EDGE('',*,*,#1262,.T.);
#745=ORIENTED_EDGE('',*,*,#1261,.T.);
#746=ORIENTED_EDGE('',*,*,#1262,.F.);
#747=ORIENTED_EDGE('',*,*,#1263,.T.);
#748=ORIENTED_EDGE('',*,*,#1084,.T.);
#749=ORIENTED_EDGE('',*,*,#1264,.F.);
#750=ORIENTED_EDGE('',*,*,#1263,.F.);
#751=ORIENTED_EDGE('',*,*,#1265,.T.);
#752=ORIENTED_EDGE('',*,*,#1264,.T.);
#753=ORIENTED_EDGE('',*,*,#1265,.F.);
#754=ORIENTED_EDGE('',*,*,#1266,.T.);
#755=ORIENTED_EDGE('',*,*,#1267,.F.);
#756=ORIENTED_EDGE('',*,*,#1268,.F.);
#757=ORIENTED_EDGE('',*,*,#1269,.T.);
#758=ORIENTED_EDGE('',*,*,#1270,.F.);
#759=ORIENTED_EDGE('',*,*,#1271,.F.);
#760=ORIENTED_EDGE('',*,*,#1272,.T.);
#761=ORIENTED_EDGE('',*,*,#1273,.T.);
#762=ORIENTED_EDGE('',*,*,#1274,.T.);
#763=ORIENTED_EDGE('',*,*,#1275,.T.);
#764=ORIENTED_EDGE('',*,*,#1268,.T.);
#765=ORIENTED_EDGE('',*,*,#1276,.T.);
#766=ORIENTED_EDGE('',*,*,#1277,.T.);
#767=ORIENTED_EDGE('',*,*,#1278,.T.);
#768=ORIENTED_EDGE('',*,*,#1272,.F.);
#769=ORIENTED_EDGE('',*,*,#1279,.T.);
#770=ORIENTED_EDGE('',*,*,#1280,.F.);
#771=ORIENTED_EDGE('',*,*,#1281,.T.);
#772=ORIENTED_EDGE('',*,*,#1282,.F.);
#773=ORIENTED_EDGE('',*,*,#1283,.F.);
#774=ORIENTED_EDGE('',*,*,#1270,.T.);
#775=ORIENTED_EDGE('',*,*,#1284,.F.);
#776=ORIENTED_EDGE('',*,*,#1285,.F.);
#777=ORIENTED_EDGE('',*,*,#1286,.F.);
#778=ORIENTED_EDGE('',*,*,#1266,.F.);
#779=ORIENTED_EDGE('',*,*,#1287,.F.);
#780=ORIENTED_EDGE('',*,*,#1288,.T.);
#781=ORIENTED_EDGE('',*,*,#1289,.F.);
#782=ORIENTED_EDGE('',*,*,#1285,.T.);
#783=ORIENTED_EDGE('',*,*,#1290,.F.);
#784=ORIENTED_EDGE('',*,*,#1277,.F.);
#785=ORIENTED_EDGE('',*,*,#1291,.T.);
#786=ORIENTED_EDGE('',*,*,#1284,.T.);
#787=ORIENTED_EDGE('',*,*,#1273,.F.);
#788=ORIENTED_EDGE('',*,*,#1278,.F.);
#789=ORIENTED_EDGE('',*,*,#1290,.T.);
#790=ORIENTED_EDGE('',*,*,#1276,.F.);
#791=ORIENTED_EDGE('',*,*,#1267,.T.);
#792=ORIENTED_EDGE('',*,*,#1286,.T.);
#793=ORIENTED_EDGE('',*,*,#1291,.F.);
#794=ORIENTED_EDGE('',*,*,#1287,.T.);
#795=ORIENTED_EDGE('',*,*,#1269,.F.);
#796=ORIENTED_EDGE('',*,*,#1281,.F.);
#797=ORIENTED_EDGE('',*,*,#1292,.T.);
#798=ORIENTED_EDGE('',*,*,#1288,.F.);
#799=ORIENTED_EDGE('',*,*,#1292,.F.);
#800=ORIENTED_EDGE('',*,*,#1280,.T.);
#801=ORIENTED_EDGE('',*,*,#1293,.T.);
#802=ORIENTED_EDGE('',*,*,#1271,.T.);
#803=ORIENTED_EDGE('',*,*,#1289,.T.);
#804=ORIENTED_EDGE('',*,*,#1293,.F.);
#805=ORIENTED_EDGE('',*,*,#1279,.F.);
#806=ORIENTED_EDGE('',*,*,#1275,.F.);
#807=ORIENTED_EDGE('',*,*,#1283,.T.);
#808=ORIENTED_EDGE('',*,*,#1274,.F.);
#809=ORIENTED_EDGE('',*,*,#1282,.T.);
#810=ORIENTED_EDGE('',*,*,#1294,.F.);
#811=ORIENTED_EDGE('',*,*,#1295,.T.);
#812=ORIENTED_EDGE('',*,*,#1296,.F.);
#813=ORIENTED_EDGE('',*,*,#1297,.T.);
#814=ORIENTED_EDGE('',*,*,#1298,.F.);
#815=ORIENTED_EDGE('',*,*,#1299,.T.);
#816=ORIENTED_EDGE('',*,*,#1300,.F.);
#817=ORIENTED_EDGE('',*,*,#1301,.F.);
#818=ORIENTED_EDGE('',*,*,#1302,.T.);
#819=ORIENTED_EDGE('',*,*,#1303,.T.);
#820=ORIENTED_EDGE('',*,*,#1304,.F.);
#821=ORIENTED_EDGE('',*,*,#1305,.T.);
#822=ORIENTED_EDGE('',*,*,#1306,.F.);
#823=ORIENTED_EDGE('',*,*,#1307,.T.);
#824=ORIENTED_EDGE('',*,*,#1308,.F.);
#825=ORIENTED_EDGE('',*,*,#1309,.T.);
#826=ORIENTED_EDGE('',*,*,#1310,.F.);
#827=ORIENTED_EDGE('',*,*,#1311,.T.);
#828=ORIENTED_EDGE('',*,*,#1312,.F.);
#829=ORIENTED_EDGE('',*,*,#1313,.T.);
#830=ORIENTED_EDGE('',*,*,#1314,.T.);
#831=ORIENTED_EDGE('',*,*,#1315,.F.);
#832=ORIENTED_EDGE('',*,*,#1316,.F.);
#833=ORIENTED_EDGE('',*,*,#1317,.T.);
#834=ORIENTED_EDGE('',*,*,#1318,.F.);
#835=ORIENTED_EDGE('',*,*,#1319,.T.);
#836=ORIENTED_EDGE('',*,*,#1320,.T.);
#837=ORIENTED_EDGE('',*,*,#1321,.T.);
#838=ORIENTED_EDGE('',*,*,#1322,.T.);
#839=ORIENTED_EDGE('',*,*,#1323,.F.);
#840=ORIENTED_EDGE('',*,*,#1324,.F.);
#841=ORIENTED_EDGE('',*,*,#1325,.T.);
#842=ORIENTED_EDGE('',*,*,#1326,.T.);
#843=ORIENTED_EDGE('',*,*,#1299,.F.);
#844=ORIENTED_EDGE('',*,*,#1327,.T.);
#845=ORIENTED_EDGE('',*,*,#1294,.T.);
#846=ORIENTED_EDGE('',*,*,#1328,.T.);
#847=ORIENTED_EDGE('',*,*,#1306,.T.);
#848=ORIENTED_EDGE('',*,*,#1329,.T.);
#849=ORIENTED_EDGE('',*,*,#1311,.F.);
#850=ORIENTED_EDGE('',*,*,#1330,.T.);
#851=ORIENTED_EDGE('',*,*,#1303,.F.);
#852=ORIENTED_EDGE('',*,*,#1331,.F.);
#853=ORIENTED_EDGE('',*,*,#1325,.F.);
#854=ORIENTED_EDGE('',*,*,#1332,.T.);
#855=ORIENTED_EDGE('',*,*,#1333,.F.);
#856=ORIENTED_EDGE('',*,*,#1334,.T.);
#857=ORIENTED_EDGE('',*,*,#1316,.T.);
#858=ORIENTED_EDGE('',*,*,#1335,.T.);
#859=ORIENTED_EDGE('',*,*,#1336,.T.);
#860=ORIENTED_EDGE('',*,*,#1337,.T.);
#861=ORIENTED_EDGE('',*,*,#1321,.F.);
#862=ORIENTED_EDGE('',*,*,#1338,.T.);
#863=ORIENTED_EDGE('',*,*,#1339,.T.);
#864=ORIENTED_EDGE('',*,*,#1340,.T.);
#865=ORIENTED_EDGE('',*,*,#1341,.T.);
#866=ORIENTED_EDGE('',*,*,#1342,.F.);
#867=ORIENTED_EDGE('',*,*,#1343,.F.);
#868=ORIENTED_EDGE('',*,*,#1344,.F.);
#869=ORIENTED_EDGE('',*,*,#1345,.F.);
#870=ORIENTED_EDGE('',*,*,#1323,.T.);
#871=ORIENTED_EDGE('',*,*,#1346,.F.);
#872=ORIENTED_EDGE('',*,*,#1347,.F.);
#873=ORIENTED_EDGE('',*,*,#1348,.F.);
#874=ORIENTED_EDGE('',*,*,#1314,.F.);
#875=ORIENTED_EDGE('',*,*,#1349,.F.);
#876=ORIENTED_EDGE('',*,*,#1350,.T.);
#877=ORIENTED_EDGE('',*,*,#1351,.F.);
#878=ORIENTED_EDGE('',*,*,#1347,.T.);
#879=ORIENTED_EDGE('',*,*,#1352,.F.);
#880=ORIENTED_EDGE('',*,*,#1336,.F.);
#881=ORIENTED_EDGE('',*,*,#1353,.T.);
#882=ORIENTED_EDGE('',*,*,#1346,.T.);
#883=ORIENTED_EDGE('',*,*,#1322,.F.);
#884=ORIENTED_EDGE('',*,*,#1337,.F.);
#885=ORIENTED_EDGE('',*,*,#1352,.T.);
#886=ORIENTED_EDGE('',*,*,#1335,.F.);
#887=ORIENTED_EDGE('',*,*,#1315,.T.);
#888=ORIENTED_EDGE('',*,*,#1348,.T.);
#889=ORIENTED_EDGE('',*,*,#1353,.F.);
#890=ORIENTED_EDGE('',*,*,#1349,.T.);
#891=ORIENTED_EDGE('',*,*,#1317,.F.);
#892=ORIENTED_EDGE('',*,*,#1334,.F.);
#893=ORIENTED_EDGE('',*,*,#1354,.T.);
#894=ORIENTED_EDGE('',*,*,#1350,.F.);
#895=ORIENTED_EDGE('',*,*,#1354,.F.);
#896=ORIENTED_EDGE('',*,*,#1333,.T.);
#897=ORIENTED_EDGE('',*,*,#1355,.T.);
#898=ORIENTED_EDGE('',*,*,#1324,.T.);
#899=ORIENTED_EDGE('',*,*,#1351,.T.);
#900=ORIENTED_EDGE('',*,*,#1355,.F.);
#901=ORIENTED_EDGE('',*,*,#1332,.F.);
#902=ORIENTED_EDGE('',*,*,#1296,.T.);
#903=ORIENTED_EDGE('',*,*,#1356,.T.);
#904=ORIENTED_EDGE('',*,*,#1305,.F.);
#905=ORIENTED_EDGE('',*,*,#1357,.T.);
#906=ORIENTED_EDGE('',*,*,#1313,.F.);
#907=ORIENTED_EDGE('',*,*,#1358,.T.);
#908=ORIENTED_EDGE('',*,*,#1308,.T.);
#909=ORIENTED_EDGE('',*,*,#1359,.T.);
#910=ORIENTED_EDGE('',*,*,#1360,.F.);
#911=ORIENTED_EDGE('',*,*,#1301,.T.);
#912=ORIENTED_EDGE('',*,*,#1361,.T.);
#913=ORIENTED_EDGE('',*,*,#1319,.F.);
#914=ORIENTED_EDGE('',*,*,#1318,.T.);
#915=ORIENTED_EDGE('',*,*,#1331,.T.);
#916=ORIENTED_EDGE('',*,*,#1302,.F.);
#917=ORIENTED_EDGE('',*,*,#1360,.T.);
#918=ORIENTED_EDGE('',*,*,#1361,.F.);
#919=ORIENTED_EDGE('',*,*,#1300,.T.);
#920=ORIENTED_EDGE('',*,*,#1338,.F.);
#921=ORIENTED_EDGE('',*,*,#1320,.F.);
#922=ORIENTED_EDGE('',*,*,#1309,.F.);
#923=ORIENTED_EDGE('',*,*,#1358,.F.);
#924=ORIENTED_EDGE('',*,*,#1312,.T.);
#925=ORIENTED_EDGE('',*,*,#1329,.F.);
#926=ORIENTED_EDGE('',*,*,#1340,.F.);
#927=ORIENTED_EDGE('',*,*,#1362,.F.);
#928=ORIENTED_EDGE('',*,*,#1363,.F.);
#929=ORIENTED_EDGE('',*,*,#1362,.T.);
#930=ORIENTED_EDGE('',*,*,#1364,.T.);
#931=ORIENTED_EDGE('',*,*,#1364,.F.);
#932=ORIENTED_EDGE('',*,*,#1363,.T.);
#933=ORIENTED_EDGE('',*,*,#1330,.F.);
#934=ORIENTED_EDGE('',*,*,#1310,.T.);
#935=ORIENTED_EDGE('',*,*,#1357,.F.);
#936=ORIENTED_EDGE('',*,*,#1304,.T.);
#937=ORIENTED_EDGE('',*,*,#1339,.F.);
#938=ORIENTED_EDGE('',*,*,#1365,.F.);
#939=ORIENTED_EDGE('',*,*,#1366,.F.);
#940=ORIENTED_EDGE('',*,*,#1365,.T.);
#941=ORIENTED_EDGE('',*,*,#1367,.T.);
#942=ORIENTED_EDGE('',*,*,#1367,.F.);
#943=ORIENTED_EDGE('',*,*,#1366,.T.);
#944=ORIENTED_EDGE('',*,*,#1307,.F.);
#945=ORIENTED_EDGE('',*,*,#1328,.F.);
#946=ORIENTED_EDGE('',*,*,#1297,.F.);
#947=ORIENTED_EDGE('',*,*,#1359,.F.);
#948=ORIENTED_EDGE('',*,*,#1341,.F.);
#949=ORIENTED_EDGE('',*,*,#1368,.F.);
#950=ORIENTED_EDGE('',*,*,#1369,.F.);
#951=ORIENTED_EDGE('',*,*,#1368,.T.);
#952=ORIENTED_EDGE('',*,*,#1370,.T.);
#953=ORIENTED_EDGE('',*,*,#1370,.F.);
#954=ORIENTED_EDGE('',*,*,#1369,.T.);
#955=ORIENTED_EDGE('',*,*,#1295,.F.);
#956=ORIENTED_EDGE('',*,*,#1327,.F.);
#957=ORIENTED_EDGE('',*,*,#1298,.T.);
#958=ORIENTED_EDGE('',*,*,#1356,.F.);
#959=ORIENTED_EDGE('',*,*,#1326,.F.);
#960=ORIENTED_EDGE('',*,*,#1371,.F.);
#961=ORIENTED_EDGE('',*,*,#1372,.F.);
#962=ORIENTED_EDGE('',*,*,#1371,.T.);
#963=ORIENTED_EDGE('',*,*,#1373,.T.);
#964=ORIENTED_EDGE('',*,*,#1373,.F.);
#965=ORIENTED_EDGE('',*,*,#1372,.T.);
#966=ORIENTED_EDGE('',*,*,#1374,.T.);
#967=ORIENTED_EDGE('',*,*,#1345,.T.);
#968=ORIENTED_EDGE('',*,*,#1374,.F.);
#969=ORIENTED_EDGE('',*,*,#1375,.T.);
#970=ORIENTED_EDGE('',*,*,#1344,.T.);
#971=ORIENTED_EDGE('',*,*,#1375,.F.);
#972=ORIENTED_EDGE('',*,*,#1376,.T.);
#973=ORIENTED_EDGE('',*,*,#1343,.T.);
#974=ORIENTED_EDGE('',*,*,#1376,.F.);
#975=ORIENTED_EDGE('',*,*,#1377,.T.);
#976=ORIENTED_EDGE('',*,*,#1342,.T.);
#977=ORIENTED_EDGE('',*,*,#1377,.F.);
#978=EDGE_CURVE('',#1378,#1379,#1662,.T.);
#979=EDGE_CURVE('',#1378,#1380,#1663,.T.);
#980=EDGE_CURVE('',#1381,#1380,#1664,.T.);
#981=EDGE_CURVE('',#1381,#1379,#1665,.T.);
#982=EDGE_CURVE('',#1382,#1383,#1666,.T.);
#983=EDGE_CURVE('',#1384,#1382,#1667,.T.);
#984=EDGE_CURVE('',#1385,#1384,#1668,.T.);
#985=EDGE_CURVE('',#1385,#1383,#1669,.T.);
#986=EDGE_CURVE('',#1378,#1382,#1670,.T.);
#987=EDGE_CURVE('',#1384,#1379,#70,.F.);
#988=EDGE_CURVE('',#1386,#1386,#71,.F.);
#989=EDGE_CURVE('',#1387,#1387,#72,.T.);
#990=EDGE_CURVE('',#1388,#1389,#1671,.T.);
#991=EDGE_CURVE('',#1388,#1390,#1672,.T.);
#992=EDGE_CURVE('',#1391,#1390,#1673,.F.);
#993=EDGE_CURVE('',#1391,#1389,#1674,.T.);
#994=EDGE_CURVE('',#1392,#1393,#1675,.T.);
#995=EDGE_CURVE('',#1392,#1394,#1676,.T.);
#996=EDGE_CURVE('',#1394,#1395,#1677,.T.);
#997=EDGE_CURVE('',#1395,#1393,#1678,.F.);
#998=EDGE_CURVE('',#1396,#1397,#1679,.T.);
#999=EDGE_CURVE('',#1398,#1396,#1680,.T.);
#1000=EDGE_CURVE('',#1398,#1399,#1681,.F.);
#1001=EDGE_CURVE('',#1397,#1399,#1682,.T.);
#1002=EDGE_CURVE('',#1400,#1401,#1683,.T.);
#1003=EDGE_CURVE('',#1400,#1402,#1684,.T.);
#1004=EDGE_CURVE('',#1402,#1403,#1685,.T.);
#1005=EDGE_CURVE('',#1401,#1403,#1686,.F.);
#1006=EDGE_CURVE('',#1389,#1394,#73,.F.);
#1007=EDGE_CURVE('',#1395,#1391,#74,.F.);
#1008=EDGE_CURVE('',#1404,#1404,#75,.F.);
#1009=EDGE_CURVE('',#1405,#1405,#76,.T.);
#1010=EDGE_CURVE('',#1406,#1407,#1687,.T.);
#1011=EDGE_CURVE('',#1406,#1408,#1688,.T.);
#1012=EDGE_CURVE('',#1409,#1408,#1689,.F.);
#1013=EDGE_CURVE('',#1409,#1407,#1690,.T.);
#1014=EDGE_CURVE('',#1410,#1411,#1691,.T.);
#1015=EDGE_CURVE('',#1410,#1412,#1692,.T.);
#1016=EDGE_CURVE('',#1412,#1413,#1693,.T.);
#1017=EDGE_CURVE('',#1413,#1411,#1694,.F.);
#1018=EDGE_CURVE('',#1407,#1412,#77,.F.);
#1019=EDGE_CURVE('',#1413,#1409,#78,.F.);
#1020=EDGE_CURVE('',#1414,#1414,#79,.F.);
#1021=EDGE_CURVE('',#1415,#1415,#80,.T.);
#1022=EDGE_CURVE('',#1416,#1417,#1695,.T.);
#1023=EDGE_CURVE('',#1416,#1418,#1696,.T.);
#1024=EDGE_CURVE('',#1419,#1418,#1697,.T.);
#1025=EDGE_CURVE('',#1419,#1417,#1698,.F.);
#1026=EDGE_CURVE('',#1420,#1421,#1699,.T.);
#1027=EDGE_CURVE('',#1420,#1422,#1700,.T.);
#1028=EDGE_CURVE('',#1423,#1422,#1701,.F.);
#1029=EDGE_CURVE('',#1421,#1423,#1702,.T.);
#1030=EDGE_CURVE('',#1421,#1418,#81,.F.);
#1031=EDGE_CURVE('',#1419,#1423,#82,.F.);
#1032=EDGE_CURVE('',#1424,#1424,#83,.F.);
#1033=EDGE_CURVE('',#1425,#1425,#84,.T.);
#1034=EDGE_CURVE('',#1426,#1427,#1703,.T.);
#1035=EDGE_CURVE('',#1428,#1427,#1704,.T.);
#1036=EDGE_CURVE('',#1429,#1428,#1705,.T.);
#1037=EDGE_CURVE('',#1429,#1426,#1706,.T.);
#1038=EDGE_CURVE('',#1430,#1431,#1707,.T.);
#1039=EDGE_CURVE('',#1432,#1430,#1708,.T.);
#1040=EDGE_CURVE('',#1432,#1433,#1709,.T.);
#1041=EDGE_CURVE('',#1433,#1431,#1710,.T.);
#1042=EDGE_CURVE('',#1434,#1435,#85,.F.);
#1043=EDGE_CURVE('',#1435,#1436,#1711,.T.);
#1044=EDGE_CURVE('',#1436,#1437,#86,.F.);
#1045=EDGE_CURVE('',#1437,#1438,#1712,.T.);
#1046=EDGE_CURVE('',#1438,#1439,#87,.F.);
#1047=EDGE_CURVE('',#1440,#1439,#1713,.T.);
#1048=EDGE_CURVE('',#1440,#1441,#88,.F.);
#1049=EDGE_CURVE('',#1434,#1441,#1714,.T.);
#1050=EDGE_CURVE('',#1442,#1443,#1715,.T.);
#1051=EDGE_CURVE('',#1444,#1442,#1716,.T.);
#1052=EDGE_CURVE('',#1444,#1445,#1717,.T.);
#1053=EDGE_CURVE('',#1445,#1443,#1718,.T.);
#1054=EDGE_CURVE('',#1446,#1447,#1719,.T.);
#1055=EDGE_CURVE('',#1448,#1446,#1720,.T.);
#1056=EDGE_CURVE('',#1448,#1449,#1721,.T.);
#1057=EDGE_CURVE('',#1449,#1447,#1722,.T.);
#1058=EDGE_CURVE('',#1450,#1451,#1723,.T.);
#1059=EDGE_CURVE('',#1452,#1450,#1724,.T.);
#1060=EDGE_CURVE('',#1452,#1453,#1725,.T.);
#1061=EDGE_CURVE('',#1453,#1451,#1726,.T.);
#1062=EDGE_CURVE('',#1454,#1455,#1727,.T.);
#1063=EDGE_CURVE('',#1456,#1454,#1728,.T.);
#1064=EDGE_CURVE('',#1456,#1457,#1729,.T.);
#1065=EDGE_CURVE('',#1457,#1455,#1730,.T.);
#1066=EDGE_CURVE('',#1458,#1459,#1731,.T.);
#1067=EDGE_CURVE('',#1460,#1458,#1732,.T.);
#1068=EDGE_CURVE('',#1460,#1461,#1733,.T.);
#1069=EDGE_CURVE('',#1461,#1459,#1734,.T.);
#1070=EDGE_CURVE('',#1462,#1463,#1735,.T.);
#1071=EDGE_CURVE('',#1464,#1462,#1736,.T.);
#1072=EDGE_CURVE('',#1464,#1465,#1737,.T.);
#1073=EDGE_CURVE('',#1465,#1463,#1738,.T.);
#1074=EDGE_CURVE('',#1466,#1466,#89,.F.);
#1075=EDGE_CURVE('',#1467,#1467,#90,.F.);
#1076=EDGE_CURVE('',#1468,#1468,#91,.F.);
#1077=EDGE_CURVE('',#1469,#1469,#92,.F.);
#1078=EDGE_CURVE('',#1432,#1470,#93,.T.);
#1079=EDGE_CURVE('',#1471,#1470,#1739,.T.);
#1080=EDGE_CURVE('',#1471,#1429,#94,.T.);
#1081=EDGE_CURVE('',#1428,#1472,#95,.T.);
#1082=EDGE_CURVE('',#1472,#1473,#1740,.T.);
#1083=EDGE_CURVE('',#1473,#1433,#96,.T.);
#1084=EDGE_CURVE('',#1474,#1474,#97,.F.);
#1085=EDGE_CURVE('',#1475,#1475,#98,.F.);
#1086=EDGE_CURVE('',#1402,#1397,#1741,.T.);
#1087=EDGE_CURVE('',#1403,#1399,#99,.T.);
#1088=EDGE_CURVE('',#1383,#1380,#1742,.T.);
#1089=EDGE_CURVE('',#1381,#1385,#100,.T.);
#1090=EDGE_CURVE('',#1476,#1431,#101,.T.);
#1091=EDGE_CURVE('',#1477,#1476,#1743,.T.);
#1092=EDGE_CURVE('',#1427,#1477,#102,.T.);
#1093=EDGE_CURVE('',#1478,#1426,#103,.T.);
#1094=EDGE_CURVE('',#1478,#1479,#1744,.T.);
#1095=EDGE_CURVE('',#1430,#1479,#104,.T.);
#1096=EDGE_CURVE('',#1480,#1481,#1745,.T.);
#1097=EDGE_CURVE('',#1481,#1482,#1746,.T.);
#1098=EDGE_CURVE('',#1483,#1482,#1747,.T.);
#1099=EDGE_CURVE('',#1480,#1483,#1748,.T.);
#1100=EDGE_CURVE('',#1484,#1485,#1749,.T.);
#1101=EDGE_CURVE('',#1485,#1486,#1750,.T.);
#1102=EDGE_CURVE('',#1487,#1486,#1751,.T.);
#1103=EDGE_CURVE('',#1484,#1487,#1752,.T.);
#1104=EDGE_CURVE('',#1488,#1489,#1753,.T.);
#1105=EDGE_CURVE('',#1489,#1490,#1754,.T.);
#1106=EDGE_CURVE('',#1491,#1490,#1755,.T.);
#1107=EDGE_CURVE('',#1488,#1491,#1756,.T.);
#1108=EDGE_CURVE('',#1492,#1493,#1757,.T.);
#1109=EDGE_CURVE('',#1493,#1494,#1758,.T.);
#1110=EDGE_CURVE('',#1495,#1494,#1759,.T.);
#1111=EDGE_CURVE('',#1492,#1495,#1760,.T.);
#1112=EDGE_CURVE('',#1496,#1497,#1761,.T.);
#1113=EDGE_CURVE('',#1497,#1498,#1762,.T.);
#1114=EDGE_CURVE('',#1499,#1498,#1763,.T.);
#1115=EDGE_CURVE('',#1496,#1499,#1764,.T.);
#1116=EDGE_CURVE('',#1500,#1501,#1765,.T.);
#1117=EDGE_CURVE('',#1501,#1502,#1766,.T.);
#1118=EDGE_CURVE('',#1503,#1502,#1767,.T.);
#1119=EDGE_CURVE('',#1500,#1503,#1768,.T.);
#1120=EDGE_CURVE('',#1504,#1505,#1769,.T.);
#1121=EDGE_CURVE('',#1505,#1506,#1770,.T.);
#1122=EDGE_CURVE('',#1507,#1506,#1771,.T.);
#1123=EDGE_CURVE('',#1504,#1507,#1772,.T.);
#1124=EDGE_CURVE('',#1392,#1388,#105,.T.);
#1125=EDGE_CURVE('',#1390,#1393,#106,.T.);
#1126=EDGE_CURVE('',#1410,#1406,#107,.T.);
#1127=EDGE_CURVE('',#1408,#1411,#108,.T.);
#1128=EDGE_CURVE('',#1416,#1420,#109,.T.);
#1129=EDGE_CURVE('',#1422,#1417,#110,.T.);
#1130=EDGE_CURVE('',#1473,#1476,#1773,.T.);
#1131=EDGE_CURVE('',#1472,#1477,#1774,.T.);
#1132=EDGE_CURVE('',#1471,#1478,#1775,.T.);
#1133=EDGE_CURVE('',#1470,#1479,#1776,.T.);
#1134=EDGE_CURVE('',#1396,#1400,#1777,.T.);
#1135=EDGE_CURVE('',#1398,#1401,#111,.F.);
#1136=EDGE_CURVE('',#1508,#1508,#112,.T.);
#1137=EDGE_CURVE('',#1509,#1509,#113,.T.);
#1138=EDGE_CURVE('',#1510,#1510,#114,.T.);
#1139=EDGE_CURVE('',#1511,#1511,#115,.T.);
#1140=EDGE_CURVE('',#1463,#1512,#1778,.T.);
#1141=EDGE_CURVE('',#1512,#1513,#1779,.T.);
#1142=EDGE_CURVE('',#1462,#1513,#1780,.T.);
#1143=EDGE_CURVE('',#1512,#1514,#1781,.T.);
#1144=EDGE_CURVE('',#1465,#1514,#1782,.T.);
#1145=EDGE_CURVE('',#1514,#1515,#1783,.T.);
#1146=EDGE_CURVE('',#1464,#1515,#1784,.T.);
#1147=EDGE_CURVE('',#1513,#1515,#1785,.T.);
#1148=EDGE_CURVE('',#1516,#1505,#1786,.T.);
#1149=EDGE_CURVE('',#1517,#1516,#1787,.T.);
#1150=EDGE_CURVE('',#1517,#1506,#1788,.T.);
#1151=EDGE_CURVE('',#1517,#1518,#1789,.T.);
#1152=EDGE_CURVE('',#1518,#1507,#1790,.T.);
#1153=EDGE_CURVE('',#1518,#1519,#1791,.T.);
#1154=EDGE_CURVE('',#1519,#1504,#1792,.T.);
#1155=EDGE_CURVE('',#1516,#1519,#1793,.T.);
#1156=EDGE_CURVE('',#1459,#1520,#1794,.T.);
#1157=EDGE_CURVE('',#1520,#1521,#1795,.T.);
#1158=EDGE_CURVE('',#1458,#1521,#1796,.T.);
#1159=EDGE_CURVE('',#1520,#1522,#1797,.T.);
#1160=EDGE_CURVE('',#1461,#1522,#1798,.T.);
#1161=EDGE_CURVE('',#1522,#1523,#1799,.T.);
#1162=EDGE_CURVE('',#1460,#1523,#1800,.T.);
#1163=EDGE_CURVE('',#1521,#1523,#1801,.T.);
#1164=EDGE_CURVE('',#1524,#1501,#1802,.T.);
#1165=EDGE_CURVE('',#1525,#1524,#1803,.T.);
#1166=EDGE_CURVE('',#1525,#1502,#1804,.T.);
#1167=EDGE_CURVE('',#1525,#1526,#1805,.T.);
#1168=EDGE_CURVE('',#1526,#1503,#1806,.T.);
#1169=EDGE_CURVE('',#1526,#1527,#1807,.T.);
#1170=EDGE_CURVE('',#1527,#1500,#1808,.T.);
#1171=EDGE_CURVE('',#1524,#1527,#1809,.T.);
#1172=EDGE_CURVE('',#1455,#1528,#1810,.T.);
#1173=EDGE_CURVE('',#1528,#1529,#1811,.T.);
#1174=EDGE_CURVE('',#1454,#1529,#1812,.T.);
#1175=EDGE_CURVE('',#1528,#1530,#1813,.T.);
#1176=EDGE_CURVE('',#1457,#1530,#1814,.T.);
#1177=EDGE_CURVE('',#1530,#1531,#1815,.T.);
#1178=EDGE_CURVE('',#1456,#1531,#1816,.T.);
#1179=EDGE_CURVE('',#1529,#1531,#1817,.T.);
#1180=EDGE_CURVE('',#1532,#1497,#1818,.T.);
#1181=EDGE_CURVE('',#1533,#1532,#1819,.T.);
#1182=EDGE_CURVE('',#1533,#1498,#1820,.T.);
#1183=EDGE_CURVE('',#1533,#1534,#1821,.T.);
#1184=EDGE_CURVE('',#1534,#1499,#1822,.T.);
#1185=EDGE_CURVE('',#1534,#1535,#1823,.T.);
#1186=EDGE_CURVE('',#1535,#1496,#1824,.T.);
#1187=EDGE_CURVE('',#1532,#1535,#1825,.T.);
#1188=EDGE_CURVE('',#1451,#1536,#1826,.T.);
#1189=EDGE_CURVE('',#1536,#1537,#1827,.T.);
#1190=EDGE_CURVE('',#1450,#1537,#1828,.T.);
#1191=EDGE_CURVE('',#1536,#1538,#1829,.T.);
#1192=EDGE_CURVE('',#1453,#1538,#1830,.T.);
#1193=EDGE_CURVE('',#1538,#1539,#1831,.T.);
#1194=EDGE_CURVE('',#1452,#1539,#1832,.T.);
#1195=EDGE_CURVE('',#1537,#1539,#1833,.T.);
#1196=EDGE_CURVE('',#1540,#1493,#1834,.T.);
#1197=EDGE_CURVE('',#1541,#1540,#1835,.T.);
#1198=EDGE_CURVE('',#1541,#1494,#1836,.T.);
#1199=EDGE_CURVE('',#1541,#1542,#1837,.T.);
#1200=EDGE_CURVE('',#1542,#1495,#1838,.T.);
#1201=EDGE_CURVE('',#1542,#1543,#1839,.T.);
#1202=EDGE_CURVE('',#1543,#1492,#1840,.T.);
#1203=EDGE_CURVE('',#1540,#1543,#1841,.T.);
#1204=EDGE_CURVE('',#1447,#1544,#1842,.T.);
#1205=EDGE_CURVE('',#1544,#1545,#1843,.T.);
#1206=EDGE_CURVE('',#1446,#1545,#1844,.T.);
#1207=EDGE_CURVE('',#1544,#1546,#1845,.T.);
#1208=EDGE_CURVE('',#1449,#1546,#1846,.T.);
#1209=EDGE_CURVE('',#1546,#1547,#1847,.T.);
#1210=EDGE_CURVE('',#1448,#1547,#1848,.T.);
#1211=EDGE_CURVE('',#1545,#1547,#1849,.T.);
#1212=EDGE_CURVE('',#1548,#1489,#1850,.T.);
#1213=EDGE_CURVE('',#1549,#1548,#1851,.T.);
#1214=EDGE_CURVE('',#1549,#1490,#1852,.T.);
#1215=EDGE_CURVE('',#1549,#1550,#1853,.T.);
#1216=EDGE_CURVE('',#1550,#1491,#1854,.T.);
#1217=EDGE_CURVE('',#1550,#1551,#1855,.T.);
#1218=EDGE_CURVE('',#1551,#1488,#1856,.T.);
#1219=EDGE_CURVE('',#1548,#1551,#1857,.T.);
#1220=EDGE_CURVE('',#1443,#1552,#1858,.T.);
#1221=EDGE_CURVE('',#1552,#1553,#1859,.T.);
#1222=EDGE_CURVE('',#1442,#1553,#1860,.T.);
#1223=EDGE_CURVE('',#1552,#1554,#1861,.T.);
#1224=EDGE_CURVE('',#1445,#1554,#1862,.T.);
#1225=EDGE_CURVE('',#1554,#1555,#1863,.T.);
#1226=EDGE_CURVE('',#1444,#1555,#1864,.T.);
#1227=EDGE_CURVE('',#1553,#1555,#1865,.T.);
#1228=EDGE_CURVE('',#1556,#1485,#1866,.T.);
#1229=EDGE_CURVE('',#1557,#1556,#1867,.T.);
#1230=EDGE_CURVE('',#1557,#1486,#1868,.T.);
#1231=EDGE_CURVE('',#1557,#1558,#1869,.T.);
#1232=EDGE_CURVE('',#1558,#1487,#1870,.T.);
#1233=EDGE_CURVE('',#1558,#1559,#1871,.T.);
#1234=EDGE_CURVE('',#1559,#1484,#1872,.T.);
#1235=EDGE_CURVE('',#1556,#1559,#1873,.T.);
#1236=EDGE_CURVE('',#1560,#1481,#1874,.T.);
#1237=EDGE_CURVE('',#1561,#1560,#1875,.T.);
#1238=EDGE_CURVE('',#1561,#1482,#1876,.T.);
#1239=EDGE_CURVE('',#1561,#1562,#1877,.T.);
#1240=EDGE_CURVE('',#1562,#1483,#1878,.T.);
#1241=EDGE_CURVE('',#1562,#1563,#1879,.T.);
#1242=EDGE_CURVE('',#1563,#1480,#1880,.T.);
#1243=EDGE_CURVE('',#1560,#1563,#1881,.T.);
#1244=EDGE_CURVE('',#1564,#1565,#1882,.T.);
#1245=EDGE_CURVE('',#1566,#1564,#116,.F.);
#1246=EDGE_CURVE('',#1566,#1567,#1883,.T.);
#1247=EDGE_CURVE('',#1568,#1567,#117,.F.);
#1248=EDGE_CURVE('',#1568,#1569,#1884,.T.);
#1249=EDGE_CURVE('',#1570,#1569,#118,.F.);
#1250=EDGE_CURVE('',#1571,#1570,#1885,.T.);
#1251=EDGE_CURVE('',#1565,#1571,#119,.F.);
#1252=EDGE_CURVE('',#1437,#1571,#1886,.T.);
#1253=EDGE_CURVE('',#1438,#1570,#1887,.T.);
#1254=EDGE_CURVE('',#1441,#1567,#1888,.T.);
#1255=EDGE_CURVE('',#1434,#1566,#1889,.T.);
#1256=EDGE_CURVE('',#1435,#1564,#1890,.T.);
#1257=EDGE_CURVE('',#1436,#1565,#1891,.T.);
#1258=EDGE_CURVE('',#1439,#1569,#1892,.T.);
#1259=EDGE_CURVE('',#1440,#1568,#1893,.T.);
#1260=EDGE_CURVE('',#1572,#1572,#120,.T.);
#1261=EDGE_CURVE('',#1573,#1573,#121,.F.);
#1262=EDGE_CURVE('',#1574,#1574,#122,.T.);
#1263=EDGE_CURVE('',#1575,#1575,#123,.T.);
#1264=EDGE_CURVE('',#1576,#1576,#124,.F.);
#1265=EDGE_CURVE('',#1577,#1577,#125,.T.);
#1266=EDGE_CURVE('',#1578,#1579,#1894,.T.);
#1267=EDGE_CURVE('',#1580,#1579,#1895,.T.);
#1268=EDGE_CURVE('',#1581,#1580,#1896,.T.);
#1269=EDGE_CURVE('',#1581,#1578,#1897,.T.);
#1270=EDGE_CURVE('',#1582,#1583,#1898,.T.);
#1271=EDGE_CURVE('',#1584,#1582,#1899,.T.);
#1272=EDGE_CURVE('',#1584,#1585,#1900,.T.);
#1273=EDGE_CURVE('',#1585,#1583,#1901,.T.);
#1274=EDGE_CURVE('',#1586,#1586,#126,.F.);
#1275=EDGE_CURVE('',#1587,#1587,#127,.F.);
#1276=EDGE_CURVE('',#1580,#1588,#128,.T.);
#1277=EDGE_CURVE('',#1588,#1589,#1902,.T.);
#1278=EDGE_CURVE('',#1589,#1585,#129,.T.);
#1279=EDGE_CURVE('',#1584,#1590,#130,.T.);
#1280=EDGE_CURVE('',#1591,#1590,#1903,.T.);
#1281=EDGE_CURVE('',#1591,#1581,#131,.T.);
#1282=EDGE_CURVE('',#1592,#1592,#132,.F.);
#1283=EDGE_CURVE('',#1593,#1593,#133,.F.);
#1284=EDGE_CURVE('',#1594,#1583,#134,.T.);
#1285=EDGE_CURVE('',#1595,#1594,#1904,.T.);
#1286=EDGE_CURVE('',#1579,#1595,#135,.T.);
#1287=EDGE_CURVE('',#1596,#1578,#136,.T.);
#1288=EDGE_CURVE('',#1596,#1597,#1905,.T.);
#1289=EDGE_CURVE('',#1582,#1597,#137,.T.);
#1290=EDGE_CURVE('',#1589,#1594,#1906,.T.);
#1291=EDGE_CURVE('',#1588,#1595,#1907,.T.);
#1292=EDGE_CURVE('',#1591,#1596,#1908,.T.);
#1293=EDGE_CURVE('',#1590,#1597,#1909,.T.);
#1294=EDGE_CURVE('',#1598,#1599,#1910,.T.);
#1295=EDGE_CURVE('',#1598,#1600,#1911,.T.);
#1296=EDGE_CURVE('',#1601,#1600,#1912,.T.);
#1297=EDGE_CURVE('',#1601,#1599,#1913,.F.);
#1298=EDGE_CURVE('',#1602,#1603,#1914,.T.);
#1299=EDGE_CURVE('',#1602,#1604,#1915,.T.);
#1300=EDGE_CURVE('',#1605,#1604,#1916,.T.);
#1301=EDGE_CURVE('',#1606,#1605,#1917,.T.);
#1302=EDGE_CURVE('',#1606,#1607,#1918,.T.);
#1303=EDGE_CURVE('',#1607,#1608,#1919,.T.);
#1304=EDGE_CURVE('',#1609,#1608,#1920,.F.);
#1305=EDGE_CURVE('',#1609,#1603,#1921,.T.);
#1306=EDGE_CURVE('',#1610,#1611,#1922,.T.);
#1307=EDGE_CURVE('',#1610,#1612,#1923,.T.);
#1308=EDGE_CURVE('',#1613,#1612,#1924,.T.);
#1309=EDGE_CURVE('',#1613,#1611,#1925,.F.);
#1310=EDGE_CURVE('',#1614,#1615,#1926,.T.);
#1311=EDGE_CURVE('',#1614,#1616,#1927,.T.);
#1312=EDGE_CURVE('',#1617,#1616,#1928,.F.);
#1313=EDGE_CURVE('',#1617,#1615,#1929,.T.);
#1314=EDGE_CURVE('',#1618,#1619,#1930,.T.);
#1315=EDGE_CURVE('',#1620,#1619,#1931,.T.);
#1316=EDGE_CURVE('',#1621,#1620,#1932,.T.);
#1317=EDGE_CURVE('',#1621,#1618,#1933,.T.);
#1318=EDGE_CURVE('',#1622,#1623,#1934,.T.);
#1319=EDGE_CURVE('',#1622,#1624,#1935,.T.);
#1320=EDGE_CURVE('',#1624,#1625,#1936,.T.);
#1321=EDGE_CURVE('',#1625,#1626,#1937,.T.);
#1322=EDGE_CURVE('',#1626,#1627,#1938,.T.);
#1323=EDGE_CURVE('',#1628,#1627,#1939,.T.);
#1324=EDGE_CURVE('',#1629,#1628,#1940,.T.);
#1325=EDGE_CURVE('',#1629,#1623,#1941,.T.);
#1326=EDGE_CURVE('',#1630,#1630,#138,.F.);
#1327=EDGE_CURVE('',#1602,#1598,#139,.T.);
#1328=EDGE_CURVE('',#1599,#1610,#140,.T.);
#1329=EDGE_CURVE('',#1611,#1616,#141,.T.);
#1330=EDGE_CURVE('',#1614,#1608,#142,.T.);
#1331=EDGE_CURVE('',#1623,#1607,#1942,.T.);
#1332=EDGE_CURVE('',#1629,#1631,#143,.T.);
#1333=EDGE_CURVE('',#1632,#1631,#1943,.T.);
#1334=EDGE_CURVE('',#1632,#1621,#144,.T.);
#1335=EDGE_CURVE('',#1620,#1633,#145,.T.);
#1336=EDGE_CURVE('',#1633,#1634,#1944,.T.);
#1337=EDGE_CURVE('',#1634,#1626,#146,.T.);
#1338=EDGE_CURVE('',#1625,#1604,#1945,.T.);
#1339=EDGE_CURVE('',#1635,#1635,#147,.F.);
#1340=EDGE_CURVE('',#1636,#1636,#148,.F.);
#1341=EDGE_CURVE('',#1637,#1637,#149,.F.);
#1342=EDGE_CURVE('',#1638,#1638,#150,.F.);
#1343=EDGE_CURVE('',#1639,#1639,#151,.F.);
#1344=EDGE_CURVE('',#1640,#1640,#152,.F.);
#1345=EDGE_CURVE('',#1641,#1641,#153,.F.);
#1346=EDGE_CURVE('',#1642,#1627,#154,.T.);
#1347=EDGE_CURVE('',#1643,#1642,#1946,.T.);
#1348=EDGE_CURVE('',#1619,#1643,#155,.T.);
#1349=EDGE_CURVE('',#1644,#1618,#156,.T.);
#1350=EDGE_CURVE('',#1644,#1645,#1947,.T.);
#1351=EDGE_CURVE('',#1628,#1645,#157,.T.);
#1352=EDGE_CURVE('',#1634,#1642,#1948,.T.);
#1353=EDGE_CURVE('',#1633,#1643,#1949,.T.);
#1354=EDGE_CURVE('',#1632,#1644,#1950,.T.);
#1355=EDGE_CURVE('',#1631,#1645,#1951,.T.);
#1356=EDGE_CURVE('',#1600,#1603,#158,.F.);
#1357=EDGE_CURVE('',#1609,#1615,#159,.F.);
#1358=EDGE_CURVE('',#1617,#1613,#160,.F.);
#1359=EDGE_CURVE('',#1612,#1601,#161,.F.);
#1360=EDGE_CURVE('',#1606,#1622,#1952,.T.);
#1361=EDGE_CURVE('',#1605,#1624,#1953,.T.);
#1362=EDGE_CURVE('',#1646,#1646,#162,.T.);
#1363=EDGE_CURVE('',#1647,#1647,#163,.T.);
#1364=EDGE_CURVE('',#1648,#1648,#164,.T.);
#1365=EDGE_CURVE('',#1649,#1649,#165,.T.);
#1366=EDGE_CURVE('',#1650,#1650,#166,.T.);
#1367=EDGE_CURVE('',#1651,#1651,#167,.T.);
#1368=EDGE_CURVE('',#1652,#1652,#168,.T.);
#1369=EDGE_CURVE('',#1653,#1653,#169,.T.);
#1370=EDGE_CURVE('',#1654,#1654,#170,.T.);
#1371=EDGE_CURVE('',#1655,#1655,#171,.T.);
#1372=EDGE_CURVE('',#1656,#1656,#172,.T.);
#1373=EDGE_CURVE('',#1657,#1657,#173,.T.);
#1374=EDGE_CURVE('',#1658,#1658,#174,.T.);
#1375=EDGE_CURVE('',#1659,#1659,#175,.T.);
#1376=EDGE_CURVE('',#1660,#1660,#176,.T.);
#1377=EDGE_CURVE('',#1661,#1661,#177,.T.);
#1378=VERTEX_POINT('',#4284);
#1379=VERTEX_POINT('',#4285);
#1380=VERTEX_POINT('',#4287);
#1381=VERTEX_POINT('',#4289);
#1382=VERTEX_POINT('',#4293);
#1383=VERTEX_POINT('',#4294);
#1384=VERTEX_POINT('',#4296);
#1385=VERTEX_POINT('',#4298);
#1386=VERTEX_POINT('',#4305);
#1387=VERTEX_POINT('',#4307);
#1388=VERTEX_POINT('',#4310);
#1389=VERTEX_POINT('',#4311);
#1390=VERTEX_POINT('',#4313);
#1391=VERTEX_POINT('',#4315);
#1392=VERTEX_POINT('',#4319);
#1393=VERTEX_POINT('',#4320);
#1394=VERTEX_POINT('',#4322);
#1395=VERTEX_POINT('',#4324);
#1396=VERTEX_POINT('',#4328);
#1397=VERTEX_POINT('',#4329);
#1398=VERTEX_POINT('',#4331);
#1399=VERTEX_POINT('',#4333);
#1400=VERTEX_POINT('',#4337);
#1401=VERTEX_POINT('',#4338);
#1402=VERTEX_POINT('',#4340);
#1403=VERTEX_POINT('',#4342);
#1404=VERTEX_POINT('',#4349);
#1405=VERTEX_POINT('',#4351);
#1406=VERTEX_POINT('',#4354);
#1407=VERTEX_POINT('',#4355);
#1408=VERTEX_POINT('',#4357);
#1409=VERTEX_POINT('',#4359);
#1410=VERTEX_POINT('',#4363);
#1411=VERTEX_POINT('',#4364);
#1412=VERTEX_POINT('',#4366);
#1413=VERTEX_POINT('',#4368);
#1414=VERTEX_POINT('',#4375);
#1415=VERTEX_POINT('',#4377);
#1416=VERTEX_POINT('',#4380);
#1417=VERTEX_POINT('',#4381);
#1418=VERTEX_POINT('',#4383);
#1419=VERTEX_POINT('',#4385);
#1420=VERTEX_POINT('',#4389);
#1421=VERTEX_POINT('',#4390);
#1422=VERTEX_POINT('',#4392);
#1423=VERTEX_POINT('',#4394);
#1424=VERTEX_POINT('',#4401);
#1425=VERTEX_POINT('',#4403);
#1426=VERTEX_POINT('',#4406);
#1427=VERTEX_POINT('',#4407);
#1428=VERTEX_POINT('',#4409);
#1429=VERTEX_POINT('',#4411);
#1430=VERTEX_POINT('',#4415);
#1431=VERTEX_POINT('',#4416);
#1432=VERTEX_POINT('',#4418);
#1433=VERTEX_POINT('',#4420);
#1434=VERTEX_POINT('',#4424);
#1435=VERTEX_POINT('',#4425);
#1436=VERTEX_POINT('',#4427);
#1437=VERTEX_POINT('',#4429);
#1438=VERTEX_POINT('',#4431);
#1439=VERTEX_POINT('',#4433);
#1440=VERTEX_POINT('',#4435);
#1441=VERTEX_POINT('',#4437);
#1442=VERTEX_POINT('',#4440);
#1443=VERTEX_POINT('',#4441);
#1444=VERTEX_POINT('',#4443);
#1445=VERTEX_POINT('',#4445);
#1446=VERTEX_POINT('',#4448);
#1447=VERTEX_POINT('',#4449);
#1448=VERTEX_POINT('',#4451);
#1449=VERTEX_POINT('',#4453);
#1450=VERTEX_POINT('',#4456);
#1451=VERTEX_POINT('',#4457);
#1452=VERTEX_POINT('',#4459);
#1453=VERTEX_POINT('',#4461);
#1454=VERTEX_POINT('',#4464);
#1455=VERTEX_POINT('',#4465);
#1456=VERTEX_POINT('',#4467);
#1457=VERTEX_POINT('',#4469);
#1458=VERTEX_POINT('',#4472);
#1459=VERTEX_POINT('',#4473);
#1460=VERTEX_POINT('',#4475);
#1461=VERTEX_POINT('',#4477);
#1462=VERTEX_POINT('',#4480);
#1463=VERTEX_POINT('',#4481);
#1464=VERTEX_POINT('',#4483);
#1465=VERTEX_POINT('',#4485);
#1466=VERTEX_POINT('',#4488);
#1467=VERTEX_POINT('',#4490);
#1468=VERTEX_POINT('',#4492);
#1469=VERTEX_POINT('',#4494);
#1470=VERTEX_POINT('',#4496);
#1471=VERTEX_POINT('',#4498);
#1472=VERTEX_POINT('',#4501);
#1473=VERTEX_POINT('',#4503);
#1474=VERTEX_POINT('',#4507);
#1475=VERTEX_POINT('',#4509);
#1476=VERTEX_POINT('',#4515);
#1477=VERTEX_POINT('',#4517);
#1478=VERTEX_POINT('',#4520);
#1479=VERTEX_POINT('',#4522);
#1480=VERTEX_POINT('',#4525);
#1481=VERTEX_POINT('',#4526);
#1482=VERTEX_POINT('',#4528);
#1483=VERTEX_POINT('',#4530);
#1484=VERTEX_POINT('',#4533);
#1485=VERTEX_POINT('',#4534);
#1486=VERTEX_POINT('',#4536);
#1487=VERTEX_POINT('',#4538);
#1488=VERTEX_POINT('',#4541);
#1489=VERTEX_POINT('',#4542);
#1490=VERTEX_POINT('',#4544);
#1491=VERTEX_POINT('',#4546);
#1492=VERTEX_POINT('',#4549);
#1493=VERTEX_POINT('',#4550);
#1494=VERTEX_POINT('',#4552);
#1495=VERTEX_POINT('',#4554);
#1496=VERTEX_POINT('',#4557);
#1497=VERTEX_POINT('',#4558);
#1498=VERTEX_POINT('',#4560);
#1499=VERTEX_POINT('',#4562);
#1500=VERTEX_POINT('',#4565);
#1501=VERTEX_POINT('',#4566);
#1502=VERTEX_POINT('',#4568);
#1503=VERTEX_POINT('',#4570);
#1504=VERTEX_POINT('',#4573);
#1505=VERTEX_POINT('',#4574);
#1506=VERTEX_POINT('',#4576);
#1507=VERTEX_POINT('',#4578);
#1508=VERTEX_POINT('',#4603);
#1509=VERTEX_POINT('',#4609);
#1510=VERTEX_POINT('',#4615);
#1511=VERTEX_POINT('',#4621);
#1512=VERTEX_POINT('',#4625);
#1513=VERTEX_POINT('',#4627);
#1514=VERTEX_POINT('',#4631);
#1515=VERTEX_POINT('',#4635);
#1516=VERTEX_POINT('',#4641);
#1517=VERTEX_POINT('',#4643);
#1518=VERTEX_POINT('',#4647);
#1519=VERTEX_POINT('',#4651);
#1520=VERTEX_POINT('',#4658);
#1521=VERTEX_POINT('',#4660);
#1522=VERTEX_POINT('',#4664);
#1523=VERTEX_POINT('',#4668);
#1524=VERTEX_POINT('',#4674);
#1525=VERTEX_POINT('',#4676);
#1526=VERTEX_POINT('',#4680);
#1527=VERTEX_POINT('',#4684);
#1528=VERTEX_POINT('',#4691);
#1529=VERTEX_POINT('',#4693);
#1530=VERTEX_POINT('',#4697);
#1531=VERTEX_POINT('',#4701);
#1532=VERTEX_POINT('',#4707);
#1533=VERTEX_POINT('',#4709);
#1534=VERTEX_POINT('',#4713);
#1535=VERTEX_POINT('',#4717);
#1536=VERTEX_POINT('',#4724);
#1537=VERTEX_POINT('',#4726);
#1538=VERTEX_POINT('',#4730);
#1539=VERTEX_POINT('',#4734);
#1540=VERTEX_POINT('',#4740);
#1541=VERTEX_POINT('',#4742);
#1542=VERTEX_POINT('',#4746);
#1543=VERTEX_POINT('',#4750);
#1544=VERTEX_POINT('',#4757);
#1545=VERTEX_POINT('',#4759);
#1546=VERTEX_POINT('',#4763);
#1547=VERTEX_POINT('',#4767);
#1548=VERTEX_POINT('',#4773);
#1549=VERTEX_POINT('',#4775);
#1550=VERTEX_POINT('',#4779);
#1551=VERTEX_POINT('',#4783);
#1552=VERTEX_POINT('',#4790);
#1553=VERTEX_POINT('',#4792);
#1554=VERTEX_POINT('',#4796);
#1555=VERTEX_POINT('',#4800);
#1556=VERTEX_POINT('',#4806);
#1557=VERTEX_POINT('',#4808);
#1558=VERTEX_POINT('',#4812);
#1559=VERTEX_POINT('',#4816);
#1560=VERTEX_POINT('',#4823);
#1561=VERTEX_POINT('',#4825);
#1562=VERTEX_POINT('',#4829);
#1563=VERTEX_POINT('',#4833);
#1564=VERTEX_POINT('',#4839);
#1565=VERTEX_POINT('',#4840);
#1566=VERTEX_POINT('',#4842);
#1567=VERTEX_POINT('',#4844);
#1568=VERTEX_POINT('',#4846);
#1569=VERTEX_POINT('',#4848);
#1570=VERTEX_POINT('',#4850);
#1571=VERTEX_POINT('',#4852);
#1572=VERTEX_POINT('',#4874);
#1573=VERTEX_POINT('',#4877);
#1574=VERTEX_POINT('',#4880);
#1575=VERTEX_POINT('',#4884);
#1576=VERTEX_POINT('',#4887);
#1577=VERTEX_POINT('',#4890);
#1578=VERTEX_POINT('',#4895);
#1579=VERTEX_POINT('',#4896);
#1580=VERTEX_POINT('',#4898);
#1581=VERTEX_POINT('',#4900);
#1582=VERTEX_POINT('',#4904);
#1583=VERTEX_POINT('',#4905);
#1584=VERTEX_POINT('',#4907);
#1585=VERTEX_POINT('',#4909);
#1586=VERTEX_POINT('',#4913);
#1587=VERTEX_POINT('',#4915);
#1588=VERTEX_POINT('',#4917);
#1589=VERTEX_POINT('',#4919);
#1590=VERTEX_POINT('',#4922);
#1591=VERTEX_POINT('',#4924);
#1592=VERTEX_POINT('',#4928);
#1593=VERTEX_POINT('',#4930);
#1594=VERTEX_POINT('',#4932);
#1595=VERTEX_POINT('',#4934);
#1596=VERTEX_POINT('',#4937);
#1597=VERTEX_POINT('',#4939);
#1598=VERTEX_POINT('',#4956);
#1599=VERTEX_POINT('',#4957);
#1600=VERTEX_POINT('',#4959);
#1601=VERTEX_POINT('',#4961);
#1602=VERTEX_POINT('',#4965);
#1603=VERTEX_POINT('',#4966);
#1604=VERTEX_POINT('',#4968);
#1605=VERTEX_POINT('',#4970);
#1606=VERTEX_POINT('',#4972);
#1607=VERTEX_POINT('',#4974);
#1608=VERTEX_POINT('',#4976);
#1609=VERTEX_POINT('',#4978);
#1610=VERTEX_POINT('',#4982);
#1611=VERTEX_POINT('',#4983);
#1612=VERTEX_POINT('',#4985);
#1613=VERTEX_POINT('',#4987);
#1614=VERTEX_POINT('',#4991);
#1615=VERTEX_POINT('',#4992);
#1616=VERTEX_POINT('',#4994);
#1617=VERTEX_POINT('',#4996);
#1618=VERTEX_POINT('',#5000);
#1619=VERTEX_POINT('',#5001);
#1620=VERTEX_POINT('',#5003);
#1621=VERTEX_POINT('',#5005);
#1622=VERTEX_POINT('',#5009);
#1623=VERTEX_POINT('',#5010);
#1624=VERTEX_POINT('',#5012);
#1625=VERTEX_POINT('',#5014);
#1626=VERTEX_POINT('',#5016);
#1627=VERTEX_POINT('',#5018);
#1628=VERTEX_POINT('',#5020);
#1629=VERTEX_POINT('',#5022);
#1630=VERTEX_POINT('',#5026);
#1631=VERTEX_POINT('',#5033);
#1632=VERTEX_POINT('',#5035);
#1633=VERTEX_POINT('',#5038);
#1634=VERTEX_POINT('',#5040);
#1635=VERTEX_POINT('',#5044);
#1636=VERTEX_POINT('',#5046);
#1637=VERTEX_POINT('',#5048);
#1638=VERTEX_POINT('',#5051);
#1639=VERTEX_POINT('',#5053);
#1640=VERTEX_POINT('',#5055);
#1641=VERTEX_POINT('',#5057);
#1642=VERTEX_POINT('',#5059);
#1643=VERTEX_POINT('',#5061);
#1644=VERTEX_POINT('',#5064);
#1645=VERTEX_POINT('',#5066);
#1646=VERTEX_POINT('',#5091);
#1647=VERTEX_POINT('',#5094);
#1648=VERTEX_POINT('',#5097);
#1649=VERTEX_POINT('',#5102);
#1650=VERTEX_POINT('',#5105);
#1651=VERTEX_POINT('',#5108);
#1652=VERTEX_POINT('',#5113);
#1653=VERTEX_POINT('',#5116);
#1654=VERTEX_POINT('',#5119);
#1655=VERTEX_POINT('',#5124);
#1656=VERTEX_POINT('',#5127);
#1657=VERTEX_POINT('',#5130);
#1658=VERTEX_POINT('',#5134);
#1659=VERTEX_POINT('',#5138);
#1660=VERTEX_POINT('',#5142);
#1661=VERTEX_POINT('',#5146);
#1662=LINE('',#4283,#1954);
#1663=LINE('',#4286,#1955);
#1664=LINE('',#4288,#1956);
#1665=LINE('',#4290,#1957);
#1666=LINE('',#4292,#1958);
#1667=LINE('',#4295,#1959);
#1668=LINE('',#4297,#1960);
#1669=LINE('',#4299,#1961);
#1670=LINE('',#4301,#1962);
#1671=LINE('',#4309,#1963);
#1672=LINE('',#4312,#1964);
#1673=LINE('',#4314,#1965);
#1674=LINE('',#4316,#1966);
#1675=LINE('',#4318,#1967);
#1676=LINE('',#4321,#1968);
#1677=LINE('',#4323,#1969);
#1678=LINE('',#4325,#1970);
#1679=LINE('',#4327,#1971);
#1680=LINE('',#4330,#1972);
#1681=LINE('',#4332,#1973);
#1682=LINE('',#4334,#1974);
#1683=LINE('',#4336,#1975);
#1684=LINE('',#4339,#1976);
#1685=LINE('',#4341,#1977);
#1686=LINE('',#4343,#1978);
#1687=LINE('',#4353,#1979);
#1688=LINE('',#4356,#1980);
#1689=LINE('',#4358,#1981);
#1690=LINE('',#4360,#1982);
#1691=LINE('',#4362,#1983);
#1692=LINE('',#4365,#1984);
#1693=LINE('',#4367,#1985);
#1694=LINE('',#4369,#1986);
#1695=LINE('',#4379,#1987);
#1696=LINE('',#4382,#1988);
#1697=LINE('',#4384,#1989);
#1698=LINE('',#4386,#1990);
#1699=LINE('',#4388,#1991);
#1700=LINE('',#4391,#1992);
#1701=LINE('',#4393,#1993);
#1702=LINE('',#4395,#1994);
#1703=LINE('',#4405,#1995);
#1704=LINE('',#4408,#1996);
#1705=LINE('',#4410,#1997);
#1706=LINE('',#4412,#1998);
#1707=LINE('',#4414,#1999);
#1708=LINE('',#4417,#2000);
#1709=LINE('',#4419,#2001);
#1710=LINE('',#4421,#2002);
#1711=LINE('',#4426,#2003);
#1712=LINE('',#4430,#2004);
#1713=LINE('',#4434,#2005);
#1714=LINE('',#4438,#2006);
#1715=LINE('',#4439,#2007);
#1716=LINE('',#4442,#2008);
#1717=LINE('',#4444,#2009);
#1718=LINE('',#4446,#2010);
#1719=LINE('',#4447,#2011);
#1720=LINE('',#4450,#2012);
#1721=LINE('',#4452,#2013);
#1722=LINE('',#4454,#2014);
#1723=LINE('',#4455,#2015);
#1724=LINE('',#4458,#2016);
#1725=LINE('',#4460,#2017);
#1726=LINE('',#4462,#2018);
#1727=LINE('',#4463,#2019);
#1728=LINE('',#4466,#2020);
#1729=LINE('',#4468,#2021);
#1730=LINE('',#4470,#2022);
#1731=LINE('',#4471,#2023);
#1732=LINE('',#4474,#2024);
#1733=LINE('',#4476,#2025);
#1734=LINE('',#4478,#2026);
#1735=LINE('',#4479,#2027);
#1736=LINE('',#4482,#2028);
#1737=LINE('',#4484,#2029);
#1738=LINE('',#4486,#2030);
#1739=LINE('',#4497,#2031);
#1740=LINE('',#4502,#2032);
#1741=LINE('',#4510,#2033);
#1742=LINE('',#4512,#2034);
#1743=LINE('',#4516,#2035);
#1744=LINE('',#4521,#2036);
#1745=LINE('',#4524,#2037);
#1746=LINE('',#4527,#2038);
#1747=LINE('',#4529,#2039);
#1748=LINE('',#4531,#2040);
#1749=LINE('',#4532,#2041);
#1750=LINE('',#4535,#2042);
#1751=LINE('',#4537,#2043);
#1752=LINE('',#4539,#2044);
#1753=LINE('',#4540,#2045);
#1754=LINE('',#4543,#2046);
#1755=LINE('',#4545,#2047);
#1756=LINE('',#4547,#2048);
#1757=LINE('',#4548,#2049);
#1758=LINE('',#4551,#2050);
#1759=LINE('',#4553,#2051);
#1760=LINE('',#4555,#2052);
#1761=LINE('',#4556,#2053);
#1762=LINE('',#4559,#2054);
#1763=LINE('',#4561,#2055);
#1764=LINE('',#4563,#2056);
#1765=LINE('',#4564,#2057);
#1766=LINE('',#4567,#2058);
#1767=LINE('',#4569,#2059);
#1768=LINE('',#4571,#2060);
#1769=LINE('',#4572,#2061);
#1770=LINE('',#4575,#2062);
#1771=LINE('',#4577,#2063);
#1772=LINE('',#4579,#2064);
#1773=LINE('',#4587,#2065);
#1774=LINE('',#4588,#2066);
#1775=LINE('',#4592,#2067);
#1776=LINE('',#4594,#2068);
#1777=LINE('',#4597,#2069);
#1778=LINE('',#4624,#2070);
#1779=LINE('',#4626,#2071);
#1780=LINE('',#4628,#2072);
#1781=LINE('',#4630,#2073);
#1782=LINE('',#4632,#2074);
#1783=LINE('',#4634,#2075);
#1784=LINE('',#4636,#2076);
#1785=LINE('',#4638,#2077);
#1786=LINE('',#4640,#2078);
#1787=LINE('',#4642,#2079);
#1788=LINE('',#4644,#2080);
#1789=LINE('',#4646,#2081);
#1790=LINE('',#4648,#2082);
#1791=LINE('',#4650,#2083);
#1792=LINE('',#4652,#2084);
#1793=LINE('',#4654,#2085);
#1794=LINE('',#4657,#2086);
#1795=LINE('',#4659,#2087);
#1796=LINE('',#4661,#2088);
#1797=LINE('',#4663,#2089);
#1798=LINE('',#4665,#2090);
#1799=LINE('',#4667,#2091);
#1800=LINE('',#4669,#2092);
#1801=LINE('',#4671,#2093);
#1802=LINE('',#4673,#2094);
#1803=LINE('',#4675,#2095);
#1804=LINE('',#4677,#2096);
#1805=LINE('',#4679,#2097);
#1806=LINE('',#4681,#2098);
#1807=LINE('',#4683,#2099);
#1808=LINE('',#4685,#2100);
#1809=LINE('',#4687,#2101);
#1810=LINE('',#4690,#2102);
#1811=LINE('',#4692,#2103);
#1812=LINE('',#4694,#2104);
#1813=LINE('',#4696,#2105);
#1814=LINE('',#4698,#2106);
#1815=LINE('',#4700,#2107);
#1816=LINE('',#4702,#2108);
#1817=LINE('',#4704,#2109);
#1818=LINE('',#4706,#2110);
#1819=LINE('',#4708,#2111);
#1820=LINE('',#4710,#2112);
#1821=LINE('',#4712,#2113);
#1822=LINE('',#4714,#2114);
#1823=LINE('',#4716,#2115);
#1824=LINE('',#4718,#2116);
#1825=LINE('',#4720,#2117);
#1826=LINE('',#4723,#2118);
#1827=LINE('',#4725,#2119);
#1828=LINE('',#4727,#2120);
#1829=LINE('',#4729,#2121);
#1830=LINE('',#4731,#2122);
#1831=LINE('',#4733,#2123);
#1832=LINE('',#4735,#2124);
#1833=LINE('',#4737,#2125);
#1834=LINE('',#4739,#2126);
#1835=LINE('',#4741,#2127);
#1836=LINE('',#4743,#2128);
#1837=LINE('',#4745,#2129);
#1838=LINE('',#4747,#2130);
#1839=LINE('',#4749,#2131);
#1840=LINE('',#4751,#2132);
#1841=LINE('',#4753,#2133);
#1842=LINE('',#4756,#2134);
#1843=LINE('',#4758,#2135);
#1844=LINE('',#4760,#2136);
#1845=LINE('',#4762,#2137);
#1846=LINE('',#4764,#2138);
#1847=LINE('',#4766,#2139);
#1848=LINE('',#4768,#2140);
#1849=LINE('',#4770,#2141);
#1850=LINE('',#4772,#2142);
#1851=LINE('',#4774,#2143);
#1852=LINE('',#4776,#2144);
#1853=LINE('',#4778,#2145);
#1854=LINE('',#4780,#2146);
#1855=LINE('',#4782,#2147);
#1856=LINE('',#4784,#2148);
#1857=LINE('',#4786,#2149);
#1858=LINE('',#4789,#2150);
#1859=LINE('',#4791,#2151);
#1860=LINE('',#4793,#2152);
#1861=LINE('',#4795,#2153);
#1862=LINE('',#4797,#2154);
#1863=LINE('',#4799,#2155);
#1864=LINE('',#4801,#2156);
#1865=LINE('',#4803,#2157);
#1866=LINE('',#4805,#2158);
#1867=LINE('',#4807,#2159);
#1868=LINE('',#4809,#2160);
#1869=LINE('',#4811,#2161);
#1870=LINE('',#4813,#2162);
#1871=LINE('',#4815,#2163);
#1872=LINE('',#4817,#2164);
#1873=LINE('',#4819,#2165);
#1874=LINE('',#4822,#2166);
#1875=LINE('',#4824,#2167);
#1876=LINE('',#4826,#2168);
#1877=LINE('',#4828,#2169);
#1878=LINE('',#4830,#2170);
#1879=LINE('',#4832,#2171);
#1880=LINE('',#4834,#2172);
#1881=LINE('',#4836,#2173);
#1882=LINE('',#4838,#2174);
#1883=LINE('',#4843,#2175);
#1884=LINE('',#4847,#2176);
#1885=LINE('',#4851,#2177);
#1886=LINE('',#4855,#2178);
#1887=LINE('',#4856,#2179);
#1888=LINE('',#4858,#2180);
#1889=LINE('',#4859,#2181);
#1890=LINE('',#4861,#2182);
#1891=LINE('',#4862,#2183);
#1892=LINE('',#4866,#2184);
#1893=LINE('',#4868,#2185);
#1894=LINE('',#4894,#2186);
#1895=LINE('',#4897,#2187);
#1896=LINE('',#4899,#2188);
#1897=LINE('',#4901,#2189);
#1898=LINE('',#4903,#2190);
#1899=LINE('',#4906,#2191);
#1900=LINE('',#4908,#2192);
#1901=LINE('',#4910,#2193);
#1902=LINE('',#4918,#2194);
#1903=LINE('',#4923,#2195);
#1904=LINE('',#4933,#2196);
#1905=LINE('',#4938,#2197);
#1906=LINE('',#4942,#2198);
#1907=LINE('',#4943,#2199);
#1908=LINE('',#4947,#2200);
#1909=LINE('',#4949,#2201);
#1910=LINE('',#4955,#2202);
#1911=LINE('',#4958,#2203);
#1912=LINE('',#4960,#2204);
#1913=LINE('',#4962,#2205);
#1914=LINE('',#4964,#2206);
#1915=LINE('',#4967,#2207);
#1916=LINE('',#4969,#2208);
#1917=LINE('',#4971,#2209);
#1918=LINE('',#4973,#2210);
#1919=LINE('',#4975,#2211);
#1920=LINE('',#4977,#2212);
#1921=LINE('',#4979,#2213);
#1922=LINE('',#4981,#2214);
#1923=LINE('',#4984,#2215);
#1924=LINE('',#4986,#2216);
#1925=LINE('',#4988,#2217);
#1926=LINE('',#4990,#2218);
#1927=LINE('',#4993,#2219);
#1928=LINE('',#4995,#2220);
#1929=LINE('',#4997,#2221);
#1930=LINE('',#4999,#2222);
#1931=LINE('',#5002,#2223);
#1932=LINE('',#5004,#2224);
#1933=LINE('',#5006,#2225);
#1934=LINE('',#5008,#2226);
#1935=LINE('',#5011,#2227);
#1936=LINE('',#5013,#2228);
#1937=LINE('',#5015,#2229);
#1938=LINE('',#5017,#2230);
#1939=LINE('',#5019,#2231);
#1940=LINE('',#5021,#2232);
#1941=LINE('',#5023,#2233);
#1942=LINE('',#5031,#2234);
#1943=LINE('',#5034,#2235);
#1944=LINE('',#5039,#2236);
#1945=LINE('',#5042,#2237);
#1946=LINE('',#5060,#2238);
#1947=LINE('',#5065,#2239);
#1948=LINE('',#5069,#2240);
#1949=LINE('',#5070,#2241);
#1950=LINE('',#5074,#2242);
#1951=LINE('',#5076,#2243);
#1952=LINE('',#5084,#2244);
#1953=LINE('',#5085,#2245);
#1954=VECTOR('',#3411,1.);
#1955=VECTOR('',#3412,1.);
#1956=VECTOR('',#3413,1.);
#1957=VECTOR('',#3414,1.);
#1958=VECTOR('',#3417,1.);
#1959=VECTOR('',#3418,1.);
#1960=VECTOR('',#3419,1.);
#1961=VECTOR('',#3420,1.);
#1962=VECTOR('',#3423,1.);
#1963=VECTOR('',#3434,1.);
#1964=VECTOR('',#3435,1.);
#1965=VECTOR('',#3436,1.);
#1966=VECTOR('',#3437,1.);
#1967=VECTOR('',#3440,1.);
#1968=VECTOR('',#3441,1.);
#1969=VECTOR('',#3442,1.);
#1970=VECTOR('',#3443,1.);
#1971=VECTOR('',#3446,1.);
#1972=VECTOR('',#3447,1.);
#1973=VECTOR('',#3448,1.);
#1974=VECTOR('',#3449,1.);
#1975=VECTOR('',#3452,1.);
#1976=VECTOR('',#3453,1.);
#1977=VECTOR('',#3454,1.);
#1978=VECTOR('',#3455,1.);
#1979=VECTOR('',#3470,1.);
#1980=VECTOR('',#3471,1.);
#1981=VECTOR('',#3472,1.);
#1982=VECTOR('',#3473,1.);
#1983=VECTOR('',#3476,1.);
#1984=VECTOR('',#3477,1.);
#1985=VECTOR('',#3478,1.);
#1986=VECTOR('',#3479,1.);
#1987=VECTOR('',#3494,1.);
#1988=VECTOR('',#3495,1.);
#1989=VECTOR('',#3496,1.);
#1990=VECTOR('',#3497,1.);
#1991=VECTOR('',#3500,1.);
#1992=VECTOR('',#3501,1.);
#1993=VECTOR('',#3502,1.);
#1994=VECTOR('',#3503,1.);
#1995=VECTOR('',#3518,1.);
#1996=VECTOR('',#3519,1.);
#1997=VECTOR('',#3520,1.);
#1998=VECTOR('',#3521,1.);
#1999=VECTOR('',#3524,1.);
#2000=VECTOR('',#3525,1.);
#2001=VECTOR('',#3526,1.);
#2002=VECTOR('',#3527,1.);
#2003=VECTOR('',#3532,1.);
#2004=VECTOR('',#3535,1.);
#2005=VECTOR('',#3538,1.);
#2006=VECTOR('',#3541,1.);
#2007=VECTOR('',#3542,1.);
#2008=VECTOR('',#3543,1.);
#2009=VECTOR('',#3544,1.);
#2010=VECTOR('',#3545,1.);
#2011=VECTOR('',#3546,1.);
#2012=VECTOR('',#3547,1.);
#2013=VECTOR('',#3548,1.);
#2014=VECTOR('',#3549,1.);
#2015=VECTOR('',#3550,1.);
#2016=VECTOR('',#3551,1.);
#2017=VECTOR('',#3552,1.);
#2018=VECTOR('',#3553,1.);
#2019=VECTOR('',#3554,1.);
#2020=VECTOR('',#3555,1.);
#2021=VECTOR('',#3556,1.);
#2022=VECTOR('',#3557,1.);
#2023=VECTOR('',#3558,1.);
#2024=VECTOR('',#3559,1.);
#2025=VECTOR('',#3560,1.);
#2026=VECTOR('',#3561,1.);
#2027=VECTOR('',#3562,1.);
#2028=VECTOR('',#3563,1.);
#2029=VECTOR('',#3564,1.);
#2030=VECTOR('',#3565,1.);
#2031=VECTOR('',#3576,1.);
#2032=VECTOR('',#3581,1.);
#2033=VECTOR('',#3590,1.);
#2034=VECTOR('',#3593,1.);
#2035=VECTOR('',#3598,1.);
#2036=VECTOR('',#3603,1.);
#2037=VECTOR('',#3606,1.);
#2038=VECTOR('',#3607,1.);
#2039=VECTOR('',#3608,1.);
#2040=VECTOR('',#3609,1.);
#2041=VECTOR('',#3610,1.);
#2042=VECTOR('',#3611,1.);
#2043=VECTOR('',#3612,1.);
#2044=VECTOR('',#3613,1.);
#2045=VECTOR('',#3614,1.);
#2046=VECTOR('',#3615,1.);
#2047=VECTOR('',#3616,1.);
#2048=VECTOR('',#3617,1.);
#2049=VECTOR('',#3618,1.);
#2050=VECTOR('',#3619,1.);
#2051=VECTOR('',#3620,1.);
#2052=VECTOR('',#3621,1.);
#2053=VECTOR('',#3622,1.);
#2054=VECTOR('',#3623,1.);
#2055=VECTOR('',#3624,1.);
#2056=VECTOR('',#3625,1.);
#2057=VECTOR('',#3626,1.);
#2058=VECTOR('',#3627,1.);
#2059=VECTOR('',#3628,1.);
#2060=VECTOR('',#3629,1.);
#2061=VECTOR('',#3630,1.);
#2062=VECTOR('',#3631,1.);
#2063=VECTOR('',#3632,1.);
#2064=VECTOR('',#3633,1.);
#2065=VECTOR('',#3648,1.);
#2066=VECTOR('',#3649,1.);
#2067=VECTOR('',#3656,1.);
#2068=VECTOR('',#3659,1.);
#2069=VECTOR('',#3664,1.);
#2070=VECTOR('',#3709,1.);
#2071=VECTOR('',#3710,1.);
#2072=VECTOR('',#3711,1.);
#2073=VECTOR('',#3714,1.);
#2074=VECTOR('',#3715,1.);
#2075=VECTOR('',#3718,1.);
#2076=VECTOR('',#3719,1.);
#2077=VECTOR('',#3722,1.);
#2078=VECTOR('',#3725,1.);
#2079=VECTOR('',#3726,1.);
#2080=VECTOR('',#3727,1.);
#2081=VECTOR('',#3730,1.);
#2082=VECTOR('',#3731,1.);
#2083=VECTOR('',#3734,1.);
#2084=VECTOR('',#3735,1.);
#2085=VECTOR('',#3738,1.);
#2086=VECTOR('',#3743,1.);
#2087=VECTOR('',#3744,1.);
#2088=VECTOR('',#3745,1.);
#2089=VECTOR('',#3748,1.);
#2090=VECTOR('',#3749,1.);
#2091=VECTOR('',#3752,1.);
#2092=VECTOR('',#3753,1.);
#2093=VECTOR('',#3756,1.);
#2094=VECTOR('',#3759,1.);
#2095=VECTOR('',#3760,1.);
#2096=VECTOR('',#3761,1.);
#2097=VECTOR('',#3764,1.);
#2098=VECTOR('',#3765,1.);
#2099=VECTOR('',#3768,1.);
#2100=VECTOR('',#3769,1.);
#2101=VECTOR('',#3772,1.);
#2102=VECTOR('',#3777,1.);
#2103=VECTOR('',#3778,1.);
#2104=VECTOR('',#3779,1.);
#2105=VECTOR('',#3782,1.);
#2106=VECTOR('',#3783,1.);
#2107=VECTOR('',#3786,1.);
#2108=VECTOR('',#3787,1.);
#2109=VECTOR('',#3790,1.);
#2110=VECTOR('',#3793,1.);
#2111=VECTOR('',#3794,1.);
#2112=VECTOR('',#3795,1.);
#2113=VECTOR('',#3798,1.);
#2114=VECTOR('',#3799,1.);
#2115=VECTOR('',#3802,1.);
#2116=VECTOR('',#3803,1.);
#2117=VECTOR('',#3806,1.);
#2118=VECTOR('',#3811,1.);
#2119=VECTOR('',#3812,1.);
#2120=VECTOR('',#3813,1.);
#2121=VECTOR('',#3816,1.);
#2122=VECTOR('',#3817,1.);
#2123=VECTOR('',#3820,1.);
#2124=VECTOR('',#3821,1.);
#2125=VECTOR('',#3824,1.);
#2126=VECTOR('',#3827,1.);
#2127=VECTOR('',#3828,1.);
#2128=VECTOR('',#3829,1.);
#2129=VECTOR('',#3832,1.);
#2130=VECTOR('',#3833,1.);
#2131=VECTOR('',#3836,1.);
#2132=VECTOR('',#3837,1.);
#2133=VECTOR('',#3840,1.);
#2134=VECTOR('',#3845,1.);
#2135=VECTOR('',#3846,1.);
#2136=VECTOR('',#3847,1.);
#2137=VECTOR('',#3850,1.);
#2138=VECTOR('',#3851,1.);
#2139=VECTOR('',#3854,1.);
#2140=VECTOR('',#3855,1.);
#2141=VECTOR('',#3858,1.);
#2142=VECTOR('',#3861,1.);
#2143=VECTOR('',#3862,1.);
#2144=VECTOR('',#3863,1.);
#2145=VECTOR('',#3866,1.);
#2146=VECTOR('',#3867,1.);
#2147=VECTOR('',#3870,1.);
#2148=VECTOR('',#3871,1.);
#2149=VECTOR('',#3874,1.);
#2150=VECTOR('',#3879,1.);
#2151=VECTOR('',#3880,1.);
#2152=VECTOR('',#3881,1.);
#2153=VECTOR('',#3884,1.);
#2154=VECTOR('',#3885,1.);
#2155=VECTOR('',#3888,1.);
#2156=VECTOR('',#3889,1.);
#2157=VECTOR('',#3892,1.);
#2158=VECTOR('',#3895,1.);
#2159=VECTOR('',#3896,1.);
#2160=VECTOR('',#3897,1.);
#2161=VECTOR('',#3900,1.);
#2162=VECTOR('',#3901,1.);
#2163=VECTOR('',#3904,1.);
#2164=VECTOR('',#3905,1.);
#2165=VECTOR('',#3908,1.);
#2166=VECTOR('',#3913,1.);
#2167=VECTOR('',#3914,1.);
#2168=VECTOR('',#3915,1.);
#2169=VECTOR('',#3918,1.);
#2170=VECTOR('',#3919,1.);
#2171=VECTOR('',#3922,1.);
#2172=VECTOR('',#3923,1.);
#2173=VECTOR('',#3926,1.);
#2174=VECTOR('',#3929,1.);
#2175=VECTOR('',#3932,1.);
#2176=VECTOR('',#3935,1.);
#2177=VECTOR('',#3938,1.);
#2178=VECTOR('',#3943,1.);
#2179=VECTOR('',#3944,1.);
#2180=VECTOR('',#3947,1.);
#2181=VECTOR('',#3948,1.);
#2182=VECTOR('',#3951,1.);
#2183=VECTOR('',#3952,1.);
#2184=VECTOR('',#3959,1.);
#2185=VECTOR('',#3962,1.);
#2186=VECTOR('',#4001,1.);
#2187=VECTOR('',#4002,1.);
#2188=VECTOR('',#4003,1.);
#2189=VECTOR('',#4004,1.);
#2190=VECTOR('',#4007,1.);
#2191=VECTOR('',#4008,1.);
#2192=VECTOR('',#4009,1.);
#2193=VECTOR('',#4010,1.);
#2194=VECTOR('',#4019,1.);
#2195=VECTOR('',#4024,1.);
#2196=VECTOR('',#4035,1.);
#2197=VECTOR('',#4040,1.);
#2198=VECTOR('',#4045,1.);
#2199=VECTOR('',#4046,1.);
#2200=VECTOR('',#4053,1.);
#2201=VECTOR('',#4056,1.);
#2202=VECTOR('',#4067,1.);
#2203=VECTOR('',#4068,1.);
#2204=VECTOR('',#4069,1.);
#2205=VECTOR('',#4070,1.);
#2206=VECTOR('',#4073,1.);
#2207=VECTOR('',#4074,1.);
#2208=VECTOR('',#4075,1.);
#2209=VECTOR('',#4076,1.);
#2210=VECTOR('',#4077,1.);
#2211=VECTOR('',#4078,1.);
#2212=VECTOR('',#4079,1.);
#2213=VECTOR('',#4080,1.);
#2214=VECTOR('',#4083,1.);
#2215=VECTOR('',#4084,1.);
#2216=VECTOR('',#4085,1.);
#2217=VECTOR('',#4086,1.);
#2218=VECTOR('',#4089,1.);
#2219=VECTOR('',#4090,1.);
#2220=VECTOR('',#4091,1.);
#2221=VECTOR('',#4092,1.);
#2222=VECTOR('',#4095,1.);
#2223=VECTOR('',#4096,1.);
#2224=VECTOR('',#4097,1.);
#2225=VECTOR('',#4098,1.);
#2226=VECTOR('',#4101,1.);
#2227=VECTOR('',#4102,1.);
#2228=VECTOR('',#4103,1.);
#2229=VECTOR('',#4104,1.);
#2230=VECTOR('',#4105,1.);
#2231=VECTOR('',#4106,1.);
#2232=VECTOR('',#4107,1.);
#2233=VECTOR('',#4108,1.);
#2234=VECTOR('',#4121,1.);
#2235=VECTOR('',#4124,1.);
#2236=VECTOR('',#4129,1.);
#2237=VECTOR('',#4132,1.);
#2238=VECTOR('',#4151,1.);
#2239=VECTOR('',#4156,1.);
#2240=VECTOR('',#4161,1.);
#2241=VECTOR('',#4162,1.);
#2242=VECTOR('',#4169,1.);
#2243=VECTOR('',#4172,1.);
#2244=VECTOR('',#4187,1.);
#2245=VECTOR('',#4188,1.);
#2246=EDGE_LOOP('',(#178,#179,#180,#181));
#2247=EDGE_LOOP('',(#182,#183,#184,#185));
#2248=EDGE_LOOP('',(#186,#187,#188,#189));
#2249=EDGE_LOOP('',(#190));
#2250=EDGE_LOOP('',(#191));
#2251=EDGE_LOOP('',(#192,#193,#194,#195));
#2252=EDGE_LOOP('',(#196,#197,#198,#199));
#2253=EDGE_LOOP('',(#200,#201,#202,#203));
#2254=EDGE_LOOP('',(#204,#205,#206,#207));
#2255=EDGE_LOOP('',(#208,#209,#210,#211));
#2256=EDGE_LOOP('',(#212));
#2257=EDGE_LOOP('',(#213));
#2258=EDGE_LOOP('',(#214,#215,#216,#217));
#2259=EDGE_LOOP('',(#218,#219,#220,#221));
#2260=EDGE_LOOP('',(#222,#223,#224,#225));
#2261=EDGE_LOOP('',(#226));
#2262=EDGE_LOOP('',(#227));
#2263=EDGE_LOOP('',(#228,#229,#230,#231));
#2264=EDGE_LOOP('',(#232,#233,#234,#235));
#2265=EDGE_LOOP('',(#236,#237,#238,#239));
#2266=EDGE_LOOP('',(#240));
#2267=EDGE_LOOP('',(#241));
#2268=EDGE_LOOP('',(#242,#243,#244,#245));
#2269=EDGE_LOOP('',(#246,#247,#248,#249));
#2270=EDGE_LOOP('',(#250,#251,#252,#253,#254,#255,#256,#257));
#2271=EDGE_LOOP('',(#258,#259,#260,#261));
#2272=EDGE_LOOP('',(#262,#263,#264,#265));
#2273=EDGE_LOOP('',(#266,#267,#268,#269));
#2274=EDGE_LOOP('',(#270,#271,#272,#273));
#2275=EDGE_LOOP('',(#274,#275,#276,#277));
#2276=EDGE_LOOP('',(#278,#279,#280,#281));
#2277=EDGE_LOOP('',(#282));
#2278=EDGE_LOOP('',(#283));
#2279=EDGE_LOOP('',(#284));
#2280=EDGE_LOOP('',(#285));
#2281=EDGE_LOOP('',(#286,#287,#288,#289,#290,#291,#292,#293));
#2282=EDGE_LOOP('',(#294));
#2283=EDGE_LOOP('',(#295));
#2284=EDGE_LOOP('',(#296,#297,#298,#299));
#2285=EDGE_LOOP('',(#300,#301,#302,#303));
#2286=EDGE_LOOP('',(#304,#305,#306,#307,#308,#309,#310,#311));
#2287=EDGE_LOOP('',(#312,#313,#314,#315));
#2288=EDGE_LOOP('',(#316,#317,#318,#319));
#2289=EDGE_LOOP('',(#320,#321,#322,#323));
#2290=EDGE_LOOP('',(#324,#325,#326,#327));
#2291=EDGE_LOOP('',(#328,#329,#330,#331));
#2292=EDGE_LOOP('',(#332,#333,#334,#335));
#2293=EDGE_LOOP('',(#336,#337,#338,#339));
#2294=EDGE_LOOP('',(#340));
#2295=EDGE_LOOP('',(#341,#342,#343,#344));
#2296=EDGE_LOOP('',(#345));
#2297=EDGE_LOOP('',(#346,#347,#348,#349));
#2298=EDGE_LOOP('',(#350));
#2299=EDGE_LOOP('',(#351,#352,#353,#354));
#2300=EDGE_LOOP('',(#355));
#2301=EDGE_LOOP('',(#356,#357,#358,#359));
#2302=EDGE_LOOP('',(#360,#361,#362,#363));
#2303=EDGE_LOOP('',(#364,#365,#366,#367));
#2304=EDGE_LOOP('',(#368,#369,#370,#371));
#2305=EDGE_LOOP('',(#372,#373,#374,#375));
#2306=EDGE_LOOP('',(#376,#377,#378,#379));
#2307=EDGE_LOOP('',(#380,#381,#382,#383));
#2308=EDGE_LOOP('',(#384,#385,#386,#387));
#2309=EDGE_LOOP('',(#388,#389,#390,#391));
#2310=EDGE_LOOP('',(#392));
#2311=EDGE_LOOP('',(#393));
#2312=EDGE_LOOP('',(#394));
#2313=EDGE_LOOP('',(#395));
#2314=EDGE_LOOP('',(#396,#397,#398,#399));
#2315=EDGE_LOOP('',(#400,#401,#402,#403));
#2316=EDGE_LOOP('',(#404));
#2317=EDGE_LOOP('',(#405));
#2318=EDGE_LOOP('',(#406));
#2319=EDGE_LOOP('',(#407));
#2320=EDGE_LOOP('',(#408,#409,#410,#411));
#2321=EDGE_LOOP('',(#412,#413,#414,#415));
#2322=EDGE_LOOP('',(#416));
#2323=EDGE_LOOP('',(#417));
#2324=EDGE_LOOP('',(#418));
#2325=EDGE_LOOP('',(#419));
#2326=EDGE_LOOP('',(#420,#421,#422,#423));
#2327=EDGE_LOOP('',(#424,#425,#426,#427));
#2328=EDGE_LOOP('',(#428));
#2329=EDGE_LOOP('',(#429));
#2330=EDGE_LOOP('',(#430));
#2331=EDGE_LOOP('',(#431));
#2332=EDGE_LOOP('',(#432,#433,#434,#435));
#2333=EDGE_LOOP('',(#436,#437,#438,#439));
#2334=EDGE_LOOP('',(#440,#441,#442,#443));
#2335=EDGE_LOOP('',(#444,#445,#446,#447));
#2336=EDGE_LOOP('',(#448,#449,#450,#451));
#2337=EDGE_LOOP('',(#452,#453,#454,#455));
#2338=EDGE_LOOP('',(#456,#457,#458,#459));
#2339=EDGE_LOOP('',(#460,#461,#462,#463));
#2340=EDGE_LOOP('',(#464,#465,#466,#467));
#2341=EDGE_LOOP('',(#468,#469,#470,#471));
#2342=EDGE_LOOP('',(#472,#473,#474,#475));
#2343=EDGE_LOOP('',(#476,#477,#478,#479));
#2344=EDGE_LOOP('',(#480,#481,#482,#483));
#2345=EDGE_LOOP('',(#484,#485,#486,#487));
#2346=EDGE_LOOP('',(#488,#489,#490,#491));
#2347=EDGE_LOOP('',(#492,#493,#494,#495));
#2348=EDGE_LOOP('',(#496,#497,#498,#499));
#2349=EDGE_LOOP('',(#500,#501,#502,#503));
#2350=EDGE_LOOP('',(#504,#505,#506,#507));
#2351=EDGE_LOOP('',(#508,#509,#510,#511));
#2352=EDGE_LOOP('',(#512,#513,#514,#515));
#2353=EDGE_LOOP('',(#516,#517,#518,#519));
#2354=EDGE_LOOP('',(#520,#521,#522,#523));
#2355=EDGE_LOOP('',(#524,#525,#526,#527));
#2356=EDGE_LOOP('',(#528,#529,#530,#531));
#2357=EDGE_LOOP('',(#532,#533,#534,#535));
#2358=EDGE_LOOP('',(#536,#537,#538,#539));
#2359=EDGE_LOOP('',(#540,#541,#542,#543));
#2360=EDGE_LOOP('',(#544,#545,#546,#547));
#2361=EDGE_LOOP('',(#548,#549,#550,#551));
#2362=EDGE_LOOP('',(#552,#553,#554,#555));
#2363=EDGE_LOOP('',(#556,#557,#558,#559));
#2364=EDGE_LOOP('',(#560,#561,#562,#563));
#2365=EDGE_LOOP('',(#564,#565,#566,#567));
#2366=EDGE_LOOP('',(#568,#569,#570,#571));
#2367=EDGE_LOOP('',(#572,#573,#574,#575));
#2368=EDGE_LOOP('',(#576,#577,#578,#579));
#2369=EDGE_LOOP('',(#580,#581,#582,#583));
#2370=EDGE_LOOP('',(#584,#585,#586,#587));
#2371=EDGE_LOOP('',(#588,#589,#590,#591));
#2372=EDGE_LOOP('',(#592,#593,#594,#595));
#2373=EDGE_LOOP('',(#596,#597,#598,#599));
#2374=EDGE_LOOP('',(#600,#601,#602,#603));
#2375=EDGE_LOOP('',(#604,#605,#606,#607));
#2376=EDGE_LOOP('',(#608,#609,#610,#611));
#2377=EDGE_LOOP('',(#612,#613,#614,#615));
#2378=EDGE_LOOP('',(#616,#617,#618,#619));
#2379=EDGE_LOOP('',(#620,#621,#622,#623));
#2380=EDGE_LOOP('',(#624,#625,#626,#627));
#2381=EDGE_LOOP('',(#628,#629,#630,#631));
#2382=EDGE_LOOP('',(#632,#633,#634,#635));
#2383=EDGE_LOOP('',(#636,#637,#638,#639));
#2384=EDGE_LOOP('',(#640,#641,#642,#643));
#2385=EDGE_LOOP('',(#644,#645,#646,#647));
#2386=EDGE_LOOP('',(#648,#649,#650,#651));
#2387=EDGE_LOOP('',(#652,#653,#654,#655));
#2388=EDGE_LOOP('',(#656,#657,#658,#659));
#2389=EDGE_LOOP('',(#660,#661,#662,#663));
#2390=EDGE_LOOP('',(#664,#665,#666,#667));
#2391=EDGE_LOOP('',(#668,#669,#670,#671));
#2392=EDGE_LOOP('',(#672,#673,#674,#675));
#2393=EDGE_LOOP('',(#676,#677,#678,#679));
#2394=EDGE_LOOP('',(#680,#681,#682,#683));
#2395=EDGE_LOOP('',(#684,#685,#686,#687));
#2396=EDGE_LOOP('',(#688,#689,#690,#691,#692,#693,#694,#695));
#2397=EDGE_LOOP('',(#696,#697,#698,#699));
#2398=EDGE_LOOP('',(#700,#701,#702,#703));
#2399=EDGE_LOOP('',(#704,#705,#706,#707));
#2400=EDGE_LOOP('',(#708,#709,#710,#711));
#2401=EDGE_LOOP('',(#712,#713,#714,#715));
#2402=EDGE_LOOP('',(#716,#717,#718,#719));
#2403=EDGE_LOOP('',(#720,#721,#722,#723));
#2404=EDGE_LOOP('',(#724,#725,#726,#727));
#2405=EDGE_LOOP('',(#728,#729,#730,#731));
#2406=EDGE_LOOP('',(#732,#733,#734,#735));
#2407=EDGE_LOOP('',(#736,#737,#738,#739));
#2408=EDGE_LOOP('',(#740));
#2409=EDGE_LOOP('',(#741));
#2410=EDGE_LOOP('',(#742));
#2411=EDGE_LOOP('',(#743));
#2412=EDGE_LOOP('',(#744));
#2413=EDGE_LOOP('',(#745));
#2414=EDGE_LOOP('',(#746));
#2415=EDGE_LOOP('',(#747));
#2416=EDGE_LOOP('',(#748));
#2417=EDGE_LOOP('',(#749));
#2418=EDGE_LOOP('',(#750));
#2419=EDGE_LOOP('',(#751));
#2420=EDGE_LOOP('',(#752));
#2421=EDGE_LOOP('',(#753));
#2422=EDGE_LOOP('',(#754,#755,#756,#757));
#2423=EDGE_LOOP('',(#758,#759,#760,#761));
#2424=EDGE_LOOP('',(#762));
#2425=EDGE_LOOP('',(#763));
#2426=EDGE_LOOP('',(#764,#765,#766,#767,#768,#769,#770,#771));
#2427=EDGE_LOOP('',(#772));
#2428=EDGE_LOOP('',(#773));
#2429=EDGE_LOOP('',(#774,#775,#776,#777,#778,#779,#780,#781));
#2430=EDGE_LOOP('',(#782,#783,#784,#785));
#2431=EDGE_LOOP('',(#786,#787,#788,#789));
#2432=EDGE_LOOP('',(#790,#791,#792,#793));
#2433=EDGE_LOOP('',(#794,#795,#796,#797));
#2434=EDGE_LOOP('',(#798,#799,#800,#801));
#2435=EDGE_LOOP('',(#802,#803,#804,#805));
#2436=EDGE_LOOP('',(#806));
#2437=EDGE_LOOP('',(#807));
#2438=EDGE_LOOP('',(#808));
#2439=EDGE_LOOP('',(#809));
#2440=EDGE_LOOP('',(#810,#811,#812,#813));
#2441=EDGE_LOOP('',(#814,#815,#816,#817,#818,#819,#820,#821));
#2442=EDGE_LOOP('',(#822,#823,#824,#825));
#2443=EDGE_LOOP('',(#826,#827,#828,#829));
#2444=EDGE_LOOP('',(#830,#831,#832,#833));
#2445=EDGE_LOOP('',(#834,#835,#836,#837,#838,#839,#840,#841));
#2446=EDGE_LOOP('',(#842));
#2447=EDGE_LOOP('',(#843,#844,#845,#846,#847,#848,#849,#850,#851,#852,#853,
#854,#855,#856,#857,#858,#859,#860,#861,#862));
#2448=EDGE_LOOP('',(#863));
#2449=EDGE_LOOP('',(#864));
#2450=EDGE_LOOP('',(#865));
#2451=EDGE_LOOP('',(#866));
#2452=EDGE_LOOP('',(#867));
#2453=EDGE_LOOP('',(#868));
#2454=EDGE_LOOP('',(#869));
#2455=EDGE_LOOP('',(#870,#871,#872,#873,#874,#875,#876,#877));
#2456=EDGE_LOOP('',(#878,#879,#880,#881));
#2457=EDGE_LOOP('',(#882,#883,#884,#885));
#2458=EDGE_LOOP('',(#886,#887,#888,#889));
#2459=EDGE_LOOP('',(#890,#891,#892,#893));
#2460=EDGE_LOOP('',(#894,#895,#896,#897));
#2461=EDGE_LOOP('',(#898,#899,#900,#901));
#2462=EDGE_LOOP('',(#902,#903,#904,#905,#906,#907,#908,#909));
#2463=EDGE_LOOP('',(#910,#911,#912,#913));
#2464=EDGE_LOOP('',(#914,#915,#916,#917));
#2465=EDGE_LOOP('',(#918,#919,#920,#921));
#2466=EDGE_LOOP('',(#922,#923,#924,#925));
#2467=EDGE_LOOP('',(#926));
#2468=EDGE_LOOP('',(#927));
#2469=EDGE_LOOP('',(#928));
#2470=EDGE_LOOP('',(#929));
#2471=EDGE_LOOP('',(#930));
#2472=EDGE_LOOP('',(#931));
#2473=EDGE_LOOP('',(#932));
#2474=EDGE_LOOP('',(#933,#934,#935,#936));
#2475=EDGE_LOOP('',(#937));
#2476=EDGE_LOOP('',(#938));
#2477=EDGE_LOOP('',(#939));
#2478=EDGE_LOOP('',(#940));
#2479=EDGE_LOOP('',(#941));
#2480=EDGE_LOOP('',(#942));
#2481=EDGE_LOOP('',(#943));
#2482=EDGE_LOOP('',(#944,#945,#946,#947));
#2483=EDGE_LOOP('',(#948));
#2484=EDGE_LOOP('',(#949));
#2485=EDGE_LOOP('',(#950));
#2486=EDGE_LOOP('',(#951));
#2487=EDGE_LOOP('',(#952));
#2488=EDGE_LOOP('',(#953));
#2489=EDGE_LOOP('',(#954));
#2490=EDGE_LOOP('',(#955,#956,#957,#958));
#2491=EDGE_LOOP('',(#959));
#2492=EDGE_LOOP('',(#960));
#2493=EDGE_LOOP('',(#961));
#2494=EDGE_LOOP('',(#962));
#2495=EDGE_LOOP('',(#963));
#2496=EDGE_LOOP('',(#964));
#2497=EDGE_LOOP('',(#965));
#2498=EDGE_LOOP('',(#966));
#2499=EDGE_LOOP('',(#967));
#2500=EDGE_LOOP('',(#968));
#2501=EDGE_LOOP('',(#969));
#2502=EDGE_LOOP('',(#970));
#2503=EDGE_LOOP('',(#971));
#2504=EDGE_LOOP('',(#972));
#2505=EDGE_LOOP('',(#973));
#2506=EDGE_LOOP('',(#974));
#2507=EDGE_LOOP('',(#975));
#2508=EDGE_LOOP('',(#976));
#2509=EDGE_LOOP('',(#977));
#2510=FACE_BOUND('',#2246,.T.);
#2511=FACE_BOUND('',#2247,.T.);
#2512=FACE_BOUND('',#2248,.T.);
#2513=FACE_BOUND('',#2249,.T.);
#2514=FACE_BOUND('',#2250,.T.);
#2515=FACE_BOUND('',#2251,.T.);
#2516=FACE_BOUND('',#2252,.T.);
#2517=FACE_BOUND('',#2253,.T.);
#2518=FACE_BOUND('',#2254,.T.);
#2519=FACE_BOUND('',#2255,.T.);
#2520=FACE_BOUND('',#2256,.T.);
#2521=FACE_BOUND('',#2257,.T.);
#2522=FACE_BOUND('',#2258,.T.);
#2523=FACE_BOUND('',#2259,.T.);
#2524=FACE_BOUND('',#2260,.T.);
#2525=FACE_BOUND('',#2261,.T.);
#2526=FACE_BOUND('',#2262,.T.);
#2527=FACE_BOUND('',#2263,.T.);
#2528=FACE_BOUND('',#2264,.T.);
#2529=FACE_BOUND('',#2265,.T.);
#2530=FACE_BOUND('',#2266,.T.);
#2531=FACE_BOUND('',#2267,.T.);
#2532=FACE_BOUND('',#2268,.T.);
#2533=FACE_BOUND('',#2269,.T.);
#2534=FACE_BOUND('',#2270,.T.);
#2535=FACE_BOUND('',#2271,.T.);
#2536=FACE_BOUND('',#2272,.T.);
#2537=FACE_BOUND('',#2273,.T.);
#2538=FACE_BOUND('',#2274,.T.);
#2539=FACE_BOUND('',#2275,.T.);
#2540=FACE_BOUND('',#2276,.T.);
#2541=FACE_BOUND('',#2277,.T.);
#2542=FACE_BOUND('',#2278,.T.);
#2543=FACE_BOUND('',#2279,.T.);
#2544=FACE_BOUND('',#2280,.T.);
#2545=FACE_BOUND('',#2281,.T.);
#2546=FACE_BOUND('',#2282,.T.);
#2547=FACE_BOUND('',#2283,.T.);
#2548=FACE_BOUND('',#2284,.T.);
#2549=FACE_BOUND('',#2285,.T.);
#2550=FACE_BOUND('',#2286,.T.);
#2551=FACE_BOUND('',#2287,.T.);
#2552=FACE_BOUND('',#2288,.T.);
#2553=FACE_BOUND('',#2289,.T.);
#2554=FACE_BOUND('',#2290,.T.);
#2555=FACE_BOUND('',#2291,.T.);
#2556=FACE_BOUND('',#2292,.T.);
#2557=FACE_BOUND('',#2293,.T.);
#2558=FACE_BOUND('',#2294,.T.);
#2559=FACE_BOUND('',#2295,.T.);
#2560=FACE_BOUND('',#2296,.T.);
#2561=FACE_BOUND('',#2297,.T.);
#2562=FACE_BOUND('',#2298,.T.);
#2563=FACE_BOUND('',#2299,.T.);
#2564=FACE_BOUND('',#2300,.T.);
#2565=FACE_BOUND('',#2301,.T.);
#2566=FACE_BOUND('',#2302,.T.);
#2567=FACE_BOUND('',#2303,.T.);
#2568=FACE_BOUND('',#2304,.T.);
#2569=FACE_BOUND('',#2305,.T.);
#2570=FACE_BOUND('',#2306,.T.);
#2571=FACE_BOUND('',#2307,.T.);
#2572=FACE_BOUND('',#2308,.T.);
#2573=FACE_BOUND('',#2309,.T.);
#2574=FACE_BOUND('',#2310,.T.);
#2575=FACE_BOUND('',#2311,.T.);
#2576=FACE_BOUND('',#2312,.T.);
#2577=FACE_BOUND('',#2313,.T.);
#2578=FACE_BOUND('',#2314,.T.);
#2579=FACE_BOUND('',#2315,.T.);
#2580=FACE_BOUND('',#2316,.T.);
#2581=FACE_BOUND('',#2317,.T.);
#2582=FACE_BOUND('',#2318,.T.);
#2583=FACE_BOUND('',#2319,.T.);
#2584=FACE_BOUND('',#2320,.T.);
#2585=FACE_BOUND('',#2321,.T.);
#2586=FACE_BOUND('',#2322,.T.);
#2587=FACE_BOUND('',#2323,.T.);
#2588=FACE_BOUND('',#2324,.T.);
#2589=FACE_BOUND('',#2325,.T.);
#2590=FACE_BOUND('',#2326,.T.);
#2591=FACE_BOUND('',#2327,.T.);
#2592=FACE_BOUND('',#2328,.T.);
#2593=FACE_BOUND('',#2329,.T.);
#2594=FACE_BOUND('',#2330,.T.);
#2595=FACE_BOUND('',#2331,.T.);
#2596=FACE_BOUND('',#2332,.T.);
#2597=FACE_BOUND('',#2333,.T.);
#2598=FACE_BOUND('',#2334,.T.);
#2599=FACE_BOUND('',#2335,.T.);
#2600=FACE_BOUND('',#2336,.T.);
#2601=FACE_BOUND('',#2337,.T.);
#2602=FACE_BOUND('',#2338,.T.);
#2603=FACE_BOUND('',#2339,.T.);
#2604=FACE_BOUND('',#2340,.T.);
#2605=FACE_BOUND('',#2341,.T.);
#2606=FACE_BOUND('',#2342,.T.);
#2607=FACE_BOUND('',#2343,.T.);
#2608=FACE_BOUND('',#2344,.T.);
#2609=FACE_BOUND('',#2345,.T.);
#2610=FACE_BOUND('',#2346,.T.);
#2611=FACE_BOUND('',#2347,.T.);
#2612=FACE_BOUND('',#2348,.T.);
#2613=FACE_BOUND('',#2349,.T.);
#2614=FACE_BOUND('',#2350,.T.);
#2615=FACE_BOUND('',#2351,.T.);
#2616=FACE_BOUND('',#2352,.T.);
#2617=FACE_BOUND('',#2353,.T.);
#2618=FACE_BOUND('',#2354,.T.);
#2619=FACE_BOUND('',#2355,.T.);
#2620=FACE_BOUND('',#2356,.T.);
#2621=FACE_BOUND('',#2357,.T.);
#2622=FACE_BOUND('',#2358,.T.);
#2623=FACE_BOUND('',#2359,.T.);
#2624=FACE_BOUND('',#2360,.T.);
#2625=FACE_BOUND('',#2361,.T.);
#2626=FACE_BOUND('',#2362,.T.);
#2627=FACE_BOUND('',#2363,.T.);
#2628=FACE_BOUND('',#2364,.T.);
#2629=FACE_BOUND('',#2365,.T.);
#2630=FACE_BOUND('',#2366,.T.);
#2631=FACE_BOUND('',#2367,.T.);
#2632=FACE_BOUND('',#2368,.T.);
#2633=FACE_BOUND('',#2369,.T.);
#2634=FACE_BOUND('',#2370,.T.);
#2635=FACE_BOUND('',#2371,.T.);
#2636=FACE_BOUND('',#2372,.T.);
#2637=FACE_BOUND('',#2373,.T.);
#2638=FACE_BOUND('',#2374,.T.);
#2639=FACE_BOUND('',#2375,.T.);
#2640=FACE_BOUND('',#2376,.T.);
#2641=FACE_BOUND('',#2377,.T.);
#2642=FACE_BOUND('',#2378,.T.);
#2643=FACE_BOUND('',#2379,.T.);
#2644=FACE_BOUND('',#2380,.T.);
#2645=FACE_BOUND('',#2381,.T.);
#2646=FACE_BOUND('',#2382,.T.);
#2647=FACE_BOUND('',#2383,.T.);
#2648=FACE_BOUND('',#2384,.T.);
#2649=FACE_BOUND('',#2385,.T.);
#2650=FACE_BOUND('',#2386,.T.);
#2651=FACE_BOUND('',#2387,.T.);
#2652=FACE_BOUND('',#2388,.T.);
#2653=FACE_BOUND('',#2389,.T.);
#2654=FACE_BOUND('',#2390,.T.);
#2655=FACE_BOUND('',#2391,.T.);
#2656=FACE_BOUND('',#2392,.T.);
#2657=FACE_BOUND('',#2393,.T.);
#2658=FACE_BOUND('',#2394,.T.);
#2659=FACE_BOUND('',#2395,.T.);
#2660=FACE_BOUND('',#2396,.T.);
#2661=FACE_BOUND('',#2397,.T.);
#2662=FACE_BOUND('',#2398,.T.);
#2663=FACE_BOUND('',#2399,.T.);
#2664=FACE_BOUND('',#2400,.T.);
#2665=FACE_BOUND('',#2401,.T.);
#2666=FACE_BOUND('',#2402,.T.);
#2667=FACE_BOUND('',#2403,.T.);
#2668=FACE_BOUND('',#2404,.T.);
#2669=FACE_BOUND('',#2405,.T.);
#2670=FACE_BOUND('',#2406,.T.);
#2671=FACE_BOUND('',#2407,.T.);
#2672=FACE_BOUND('',#2408,.T.);
#2673=FACE_BOUND('',#2409,.T.);
#2674=FACE_BOUND('',#2410,.T.);
#2675=FACE_BOUND('',#2411,.T.);
#2676=FACE_BOUND('',#2412,.T.);
#2677=FACE_BOUND('',#2413,.T.);
#2678=FACE_BOUND('',#2414,.T.);
#2679=FACE_BOUND('',#2415,.T.);
#2680=FACE_BOUND('',#2416,.T.);
#2681=FACE_BOUND('',#2417,.T.);
#2682=FACE_BOUND('',#2418,.T.);
#2683=FACE_BOUND('',#2419,.T.);
#2684=FACE_BOUND('',#2420,.T.);
#2685=FACE_BOUND('',#2421,.T.);
#2686=FACE_BOUND('',#2422,.T.);
#2687=FACE_BOUND('',#2423,.T.);
#2688=FACE_BOUND('',#2424,.T.);
#2689=FACE_BOUND('',#2425,.T.);
#2690=FACE_BOUND('',#2426,.T.);
#2691=FACE_BOUND('',#2427,.T.);
#2692=FACE_BOUND('',#2428,.T.);
#2693=FACE_BOUND('',#2429,.T.);
#2694=FACE_BOUND('',#2430,.T.);
#2695=FACE_BOUND('',#2431,.T.);
#2696=FACE_BOUND('',#2432,.T.);
#2697=FACE_BOUND('',#2433,.T.);
#2698=FACE_BOUND('',#2434,.T.);
#2699=FACE_BOUND('',#2435,.T.);
#2700=FACE_BOUND('',#2436,.T.);
#2701=FACE_BOUND('',#2437,.T.);
#2702=FACE_BOUND('',#2438,.T.);
#2703=FACE_BOUND('',#2439,.T.);
#2704=FACE_BOUND('',#2440,.T.);
#2705=FACE_BOUND('',#2441,.T.);
#2706=FACE_BOUND('',#2442,.T.);
#2707=FACE_BOUND('',#2443,.T.);
#2708=FACE_BOUND('',#2444,.T.);
#2709=FACE_BOUND('',#2445,.T.);
#2710=FACE_BOUND('',#2446,.T.);
#2711=FACE_BOUND('',#2447,.T.);
#2712=FACE_BOUND('',#2448,.T.);
#2713=FACE_BOUND('',#2449,.T.);
#2714=FACE_BOUND('',#2450,.T.);
#2715=FACE_BOUND('',#2451,.T.);
#2716=FACE_BOUND('',#2452,.T.);
#2717=FACE_BOUND('',#2453,.T.);
#2718=FACE_BOUND('',#2454,.T.);
#2719=FACE_BOUND('',#2455,.T.);
#2720=FACE_BOUND('',#2456,.T.);
#2721=FACE_BOUND('',#2457,.T.);
#2722=FACE_BOUND('',#2458,.T.);
#2723=FACE_BOUND('',#2459,.T.);
#2724=FACE_BOUND('',#2460,.T.);
#2725=FACE_BOUND('',#2461,.T.);
#2726=FACE_BOUND('',#2462,.T.);
#2727=FACE_BOUND('',#2463,.T.);
#2728=FACE_BOUND('',#2464,.T.);
#2729=FACE_BOUND('',#2465,.T.);
#2730=FACE_BOUND('',#2466,.T.);
#2731=FACE_BOUND('',#2467,.T.);
#2732=FACE_BOUND('',#2468,.T.);
#2733=FACE_BOUND('',#2469,.T.);
#2734=FACE_BOUND('',#2470,.T.);
#2735=FACE_BOUND('',#2471,.T.);
#2736=FACE_BOUND('',#2472,.T.);
#2737=FACE_BOUND('',#2473,.T.);
#2738=FACE_BOUND('',#2474,.T.);
#2739=FACE_BOUND('',#2475,.T.);
#2740=FACE_BOUND('',#2476,.T.);
#2741=FACE_BOUND('',#2477,.T.);
#2742=FACE_BOUND('',#2478,.T.);
#2743=FACE_BOUND('',#2479,.T.);
#2744=FACE_BOUND('',#2480,.T.);
#2745=FACE_BOUND('',#2481,.T.);
#2746=FACE_BOUND('',#2482,.T.);
#2747=FACE_BOUND('',#2483,.T.);
#2748=FACE_BOUND('',#2484,.T.);
#2749=FACE_BOUND('',#2485,.T.);
#2750=FACE_BOUND('',#2486,.T.);
#2751=FACE_BOUND('',#2487,.T.);
#2752=FACE_BOUND('',#2488,.T.);
#2753=FACE_BOUND('',#2489,.T.);
#2754=FACE_BOUND('',#2490,.T.);
#2755=FACE_BOUND('',#2491,.T.);
#2756=FACE_BOUND('',#2492,.T.);
#2757=FACE_BOUND('',#2493,.T.);
#2758=FACE_BOUND('',#2494,.T.);
#2759=FACE_BOUND('',#2495,.T.);
#2760=FACE_BOUND('',#2496,.T.);
#2761=FACE_BOUND('',#2497,.T.);
#2762=FACE_BOUND('',#2498,.T.);
#2763=FACE_BOUND('',#2499,.T.);
#2764=FACE_BOUND('',#2500,.T.);
#2765=FACE_BOUND('',#2501,.T.);
#2766=FACE_BOUND('',#2502,.T.);
#2767=FACE_BOUND('',#2503,.T.);
#2768=FACE_BOUND('',#2504,.T.);
#2769=FACE_BOUND('',#2505,.T.);
#2770=FACE_BOUND('',#2506,.T.);
#2771=FACE_BOUND('',#2507,.T.);
#2772=FACE_BOUND('',#2508,.T.);
#2773=FACE_BOUND('',#2509,.T.);
#2774=PLANE('',#3117);
#2775=PLANE('',#3118);
#2776=PLANE('',#3119);
#2777=PLANE('',#3124);
#2778=PLANE('',#3125);
#2779=PLANE('',#3126);
#2780=PLANE('',#3127);
#2781=PLANE('',#3128);
#2782=PLANE('',#3134);
#2783=PLANE('',#3135);
#2784=PLANE('',#3136);
#2785=PLANE('',#3142);
#2786=PLANE('',#3143);
#2787=PLANE('',#3144);
#2788=PLANE('',#3150);
#2789=PLANE('',#3151);
#2790=PLANE('',#3152);
#2791=PLANE('',#3165);
#2792=PLANE('',#3180);
#2793=PLANE('',#3184);
#2794=PLANE('',#3186);
#2795=PLANE('',#3192);
#2796=PLANE('',#3197);
#2797=PLANE('',#3202);
#2798=PLANE('',#3207);
#2799=PLANE('',#3208);
#2800=PLANE('',#3209);
#2801=PLANE('',#3210);
#2802=PLANE('',#3211);
#2803=PLANE('',#3212);
#2804=PLANE('',#3213);
#2805=PLANE('',#3214);
#2806=PLANE('',#3215);
#2807=PLANE('',#3216);
#2808=PLANE('',#3217);
#2809=PLANE('',#3218);
#2810=PLANE('',#3219);
#2811=PLANE('',#3220);
#2812=PLANE('',#3221);
#2813=PLANE('',#3222);
#2814=PLANE('',#3223);
#2815=PLANE('',#3224);
#2816=PLANE('',#3225);
#2817=PLANE('',#3226);
#2818=PLANE('',#3227);
#2819=PLANE('',#3228);
#2820=PLANE('',#3229);
#2821=PLANE('',#3230);
#2822=PLANE('',#3231);
#2823=PLANE('',#3232);
#2824=PLANE('',#3233);
#2825=PLANE('',#3234);
#2826=PLANE('',#3235);
#2827=PLANE('',#3236);
#2828=PLANE('',#3237);
#2829=PLANE('',#3238);
#2830=PLANE('',#3239);
#2831=PLANE('',#3240);
#2832=PLANE('',#3241);
#2833=PLANE('',#3242);
#2834=PLANE('',#3243);
#2835=PLANE('',#3244);
#2836=PLANE('',#3245);
#2837=PLANE('',#3246);
#2838=PLANE('',#3247);
#2839=PLANE('',#3248);
#2840=PLANE('',#3249);
#2841=PLANE('',#3250);
#2842=PLANE('',#3251);
#2843=PLANE('',#3252);
#2844=PLANE('',#3253);
#2845=PLANE('',#3254);
#2846=PLANE('',#3255);
#2847=PLANE('',#3256);
#2848=PLANE('',#3257);
#2849=PLANE('',#3258);
#2850=PLANE('',#3259);
#2851=PLANE('',#3260);
#2852=PLANE('',#3261);
#2853=PLANE('',#3262);
#2854=PLANE('',#3263);
#2855=PLANE('',#3264);
#2856=PLANE('',#3265);
#2857=PLANE('',#3266);
#2858=PLANE('',#3271);
#2859=PLANE('',#3272);
#2860=PLANE('',#3273);
#2861=PLANE('',#3277);
#2862=PLANE('',#3279);
#2863=PLANE('',#3280);
#2864=PLANE('',#3283);
#2865=PLANE('',#3287);
#2866=PLANE('',#3290);
#2867=PLANE('',#3294);
#2868=PLANE('',#3296);
#2869=PLANE('',#3297);
#2870=PLANE('',#3298);
#2871=PLANE('',#3305);
#2872=PLANE('',#3312);
#2873=PLANE('',#3316);
#2874=PLANE('',#3321);
#2875=PLANE('',#3322);
#2876=PLANE('',#3323);
#2877=PLANE('',#3324);
#2878=PLANE('',#3325);
#2879=PLANE('',#3326);
#2880=PLANE('',#3327);
#2881=PLANE('',#3340);
#2882=PLANE('',#3349);
#2883=PLANE('',#3353);
#2884=PLANE('',#3355);
#2885=PLANE('',#3360);
#2886=PLANE('',#3361);
#2887=PLANE('',#3362);
#2888=PLANE('',#3366);
#2889=PLANE('',#3368);
#2890=PLANE('',#3374);
#2891=PLANE('',#3376);
#2892=PLANE('',#3382);
#2893=PLANE('',#3384);
#2894=PLANE('',#3390);
#2895=PLANE('',#3392);
#2896=PLANE('',#3397);
#2897=PLANE('',#3400);
#2898=PLANE('',#3403);
#2899=PLANE('',#3406);
#2900=ADVANCED_FACE('',(#2510),#2774,.T.);
#2901=ADVANCED_FACE('',(#2511),#2775,.F.);
#2902=ADVANCED_FACE('',(#2512),#2776,.F.);
#2903=ADVANCED_FACE('',(#2513,#2514),#16,.F.);
#2904=ADVANCED_FACE('',(#2515),#2777,.F.);
#2905=ADVANCED_FACE('',(#2516),#2778,.T.);
#2906=ADVANCED_FACE('',(#2517),#2779,.T.);
#2907=ADVANCED_FACE('',(#2518),#2780,.F.);
#2908=ADVANCED_FACE('',(#2519),#2781,.F.);
#2909=ADVANCED_FACE('',(#2520,#2521),#17,.F.);
#2910=ADVANCED_FACE('',(#2522),#2782,.F.);
#2911=ADVANCED_FACE('',(#2523),#2783,.T.);
#2912=ADVANCED_FACE('',(#2524),#2784,.F.);
#2913=ADVANCED_FACE('',(#2525,#2526),#18,.F.);
#2914=ADVANCED_FACE('',(#2527),#2785,.T.);
#2915=ADVANCED_FACE('',(#2528),#2786,.F.);
#2916=ADVANCED_FACE('',(#2529),#2787,.F.);
#2917=ADVANCED_FACE('',(#2530,#2531),#19,.F.);
#2918=ADVANCED_FACE('',(#2532),#2788,.F.);
#2919=ADVANCED_FACE('',(#2533),#2789,.T.);
#2920=ADVANCED_FACE('',(#2534,#2535,#2536,#2537,#2538,#2539,#2540,#2541,
#2542,#2543,#2544,#2545),#2790,.T.);
#2921=ADVANCED_FACE('',(#2546,#2547,#2548,#2549,#2550,#2551,#2552,#2553,
#2554,#2555,#2556,#2557,#2558,#2559,#2560,#2561,#2562,#2563,#2564),#2791,
 .F.);
#2922=ADVANCED_FACE('',(#2565),#2792,.F.);
#2923=ADVANCED_FACE('',(#2566),#20,.T.);
#2924=ADVANCED_FACE('',(#2567),#21,.T.);
#2925=ADVANCED_FACE('',(#2568),#22,.T.);
#2926=ADVANCED_FACE('',(#2569),#2793,.T.);
#2927=ADVANCED_FACE('',(#2570),#23,.T.);
#2928=ADVANCED_FACE('',(#2571),#2794,.F.);
#2929=ADVANCED_FACE('',(#2572),#24,.F.);
#2930=ADVANCED_FACE('',(#2573),#25,.F.);
#2931=ADVANCED_FACE('',(#2574,#2575),#26,.F.);
#2932=ADVANCED_FACE('',(#2576,#2577),#2795,.T.);
#2933=ADVANCED_FACE('',(#2578),#27,.F.);
#2934=ADVANCED_FACE('',(#2579),#28,.F.);
#2935=ADVANCED_FACE('',(#2580,#2581),#29,.F.);
#2936=ADVANCED_FACE('',(#2582,#2583),#2796,.T.);
#2937=ADVANCED_FACE('',(#2584),#30,.F.);
#2938=ADVANCED_FACE('',(#2585),#31,.F.);
#2939=ADVANCED_FACE('',(#2586,#2587),#32,.F.);
#2940=ADVANCED_FACE('',(#2588,#2589),#2797,.T.);
#2941=ADVANCED_FACE('',(#2590),#33,.F.);
#2942=ADVANCED_FACE('',(#2591),#34,.F.);
#2943=ADVANCED_FACE('',(#2592,#2593),#35,.F.);
#2944=ADVANCED_FACE('',(#2594,#2595),#2798,.T.);
#2945=ADVANCED_FACE('',(#2596),#2799,.F.);
#2946=ADVANCED_FACE('',(#2597),#2800,.T.);
#2947=ADVANCED_FACE('',(#2598),#2801,.T.);
#2948=ADVANCED_FACE('',(#2599),#2802,.F.);
#2949=ADVANCED_FACE('',(#2600),#2803,.F.);
#2950=ADVANCED_FACE('',(#2601),#2804,.T.);
#2951=ADVANCED_FACE('',(#2602),#2805,.T.);
#2952=ADVANCED_FACE('',(#2603),#2806,.F.);
#2953=ADVANCED_FACE('',(#2604,#2605),#2807,.F.);
#2954=ADVANCED_FACE('',(#2606),#2808,.F.);
#2955=ADVANCED_FACE('',(#2607),#2809,.T.);
#2956=ADVANCED_FACE('',(#2608),#2810,.T.);
#2957=ADVANCED_FACE('',(#2609),#2811,.F.);
#2958=ADVANCED_FACE('',(#2610),#2812,.F.);
#2959=ADVANCED_FACE('',(#2611),#2813,.T.);
#2960=ADVANCED_FACE('',(#2612),#2814,.T.);
#2961=ADVANCED_FACE('',(#2613),#2815,.F.);
#2962=ADVANCED_FACE('',(#2614,#2615),#2816,.F.);
#2963=ADVANCED_FACE('',(#2616),#2817,.F.);
#2964=ADVANCED_FACE('',(#2617),#2818,.T.);
#2965=ADVANCED_FACE('',(#2618),#2819,.T.);
#2966=ADVANCED_FACE('',(#2619),#2820,.F.);
#2967=ADVANCED_FACE('',(#2620),#2821,.F.);
#2968=ADVANCED_FACE('',(#2621),#2822,.T.);
#2969=ADVANCED_FACE('',(#2622),#2823,.T.);
#2970=ADVANCED_FACE('',(#2623),#2824,.F.);
#2971=ADVANCED_FACE('',(#2624,#2625),#2825,.F.);
#2972=ADVANCED_FACE('',(#2626),#2826,.F.);
#2973=ADVANCED_FACE('',(#2627),#2827,.T.);
#2974=ADVANCED_FACE('',(#2628),#2828,.T.);
#2975=ADVANCED_FACE('',(#2629),#2829,.F.);
#2976=ADVANCED_FACE('',(#2630),#2830,.F.);
#2977=ADVANCED_FACE('',(#2631),#2831,.T.);
#2978=ADVANCED_FACE('',(#2632),#2832,.T.);
#2979=ADVANCED_FACE('',(#2633),#2833,.F.);
#2980=ADVANCED_FACE('',(#2634,#2635),#2834,.F.);
#2981=ADVANCED_FACE('',(#2636),#2835,.F.);
#2982=ADVANCED_FACE('',(#2637),#2836,.T.);
#2983=ADVANCED_FACE('',(#2638),#2837,.T.);
#2984=ADVANCED_FACE('',(#2639),#2838,.F.);
#2985=ADVANCED_FACE('',(#2640),#2839,.F.);
#2986=ADVANCED_FACE('',(#2641),#2840,.T.);
#2987=ADVANCED_FACE('',(#2642),#2841,.T.);
#2988=ADVANCED_FACE('',(#2643),#2842,.F.);
#2989=ADVANCED_FACE('',(#2644,#2645),#2843,.F.);
#2990=ADVANCED_FACE('',(#2646),#2844,.F.);
#2991=ADVANCED_FACE('',(#2647),#2845,.T.);
#2992=ADVANCED_FACE('',(#2648),#2846,.T.);
#2993=ADVANCED_FACE('',(#2649),#2847,.F.);
#2994=ADVANCED_FACE('',(#2650),#2848,.F.);
#2995=ADVANCED_FACE('',(#2651),#2849,.T.);
#2996=ADVANCED_FACE('',(#2652),#2850,.T.);
#2997=ADVANCED_FACE('',(#2653),#2851,.F.);
#2998=ADVANCED_FACE('',(#2654,#2655),#2852,.F.);
#2999=ADVANCED_FACE('',(#2656),#2853,.F.);
#3000=ADVANCED_FACE('',(#2657),#2854,.T.);
#3001=ADVANCED_FACE('',(#2658),#2855,.T.);
#3002=ADVANCED_FACE('',(#2659),#2856,.F.);
#3003=ADVANCED_FACE('',(#2660,#2661),#2857,.F.);
#3004=ADVANCED_FACE('',(#2662),#2858,.T.);
#3005=ADVANCED_FACE('',(#2663),#2859,.F.);
#3006=ADVANCED_FACE('',(#2664),#2860,.T.);
#3007=ADVANCED_FACE('',(#2665),#36,.F.);
#3008=ADVANCED_FACE('',(#2666),#37,.F.);
#3009=ADVANCED_FACE('',(#2667),#38,.F.);
#3010=ADVANCED_FACE('',(#2668),#2861,.F.);
#3011=ADVANCED_FACE('',(#2669),#39,.F.);
#3012=ADVANCED_FACE('',(#2670),#2862,.F.);
#3013=ADVANCED_FACE('',(#2671),#2863,.T.);
#3014=ADVANCED_FACE('',(#2672,#2673),#40,.T.);
#3015=ADVANCED_FACE('',(#2674,#2675),#2864,.F.);
#3016=ADVANCED_FACE('',(#2676,#2677),#41,.F.);
#3017=ADVANCED_FACE('',(#2678),#2865,.F.);
#3018=ADVANCED_FACE('',(#2679,#2680),#42,.T.);
#3019=ADVANCED_FACE('',(#2681,#2682),#2866,.F.);
#3020=ADVANCED_FACE('',(#2683,#2684),#43,.F.);
#3021=ADVANCED_FACE('',(#2685),#2867,.F.);
#3022=ADVANCED_FACE('',(#2686),#2868,.F.);
#3023=ADVANCED_FACE('',(#2687),#2869,.T.);
#3024=ADVANCED_FACE('',(#2688,#2689,#2690),#2870,.T.);
#3025=ADVANCED_FACE('',(#2691,#2692,#2693),#2871,.F.);
#3026=ADVANCED_FACE('',(#2694),#2872,.F.);
#3027=ADVANCED_FACE('',(#2695),#44,.T.);
#3028=ADVANCED_FACE('',(#2696),#45,.T.);
#3029=ADVANCED_FACE('',(#2697),#46,.T.);
#3030=ADVANCED_FACE('',(#2698),#2873,.T.);
#3031=ADVANCED_FACE('',(#2699),#47,.T.);
#3032=ADVANCED_FACE('',(#2700,#2701),#48,.F.);
#3033=ADVANCED_FACE('',(#2702,#2703),#49,.F.);
#3034=ADVANCED_FACE('',(#2704),#2874,.T.);
#3035=ADVANCED_FACE('',(#2705),#2875,.F.);
#3036=ADVANCED_FACE('',(#2706),#2876,.T.);
#3037=ADVANCED_FACE('',(#2707),#2877,.F.);
#3038=ADVANCED_FACE('',(#2708),#2878,.F.);
#3039=ADVANCED_FACE('',(#2709),#2879,.T.);
#3040=ADVANCED_FACE('',(#2710,#2711,#2712,#2713,#2714),#2880,.T.);
#3041=ADVANCED_FACE('',(#2715,#2716,#2717,#2718,#2719),#2881,.F.);
#3042=ADVANCED_FACE('',(#2720),#2882,.F.);
#3043=ADVANCED_FACE('',(#2721),#50,.T.);
#3044=ADVANCED_FACE('',(#2722),#51,.T.);
#3045=ADVANCED_FACE('',(#2723),#52,.T.);
#3046=ADVANCED_FACE('',(#2724),#2883,.T.);
#3047=ADVANCED_FACE('',(#2725),#53,.T.);
#3048=ADVANCED_FACE('',(#2726),#2884,.T.);
#3049=ADVANCED_FACE('',(#2727),#2885,.T.);
#3050=ADVANCED_FACE('',(#2728),#2886,.F.);
#3051=ADVANCED_FACE('',(#2729),#2887,.T.);
#3052=ADVANCED_FACE('',(#2730),#54,.T.);
#3053=ADVANCED_FACE('',(#2731,#2732),#55,.F.);
#3054=ADVANCED_FACE('',(#2733,#2734),#2888,.T.);
#3055=ADVANCED_FACE('',(#2735),#2889,.T.);
#3056=ADVANCED_FACE('',(#2736,#2737),#56,.F.);
#3057=ADVANCED_FACE('',(#2738),#57,.T.);
#3058=ADVANCED_FACE('',(#2739,#2740),#58,.F.);
#3059=ADVANCED_FACE('',(#2741,#2742),#2890,.T.);
#3060=ADVANCED_FACE('',(#2743),#2891,.T.);
#3061=ADVANCED_FACE('',(#2744,#2745),#59,.F.);
#3062=ADVANCED_FACE('',(#2746),#60,.T.);
#3063=ADVANCED_FACE('',(#2747,#2748),#61,.F.);
#3064=ADVANCED_FACE('',(#2749,#2750),#2892,.T.);
#3065=ADVANCED_FACE('',(#2751),#2893,.T.);
#3066=ADVANCED_FACE('',(#2752,#2753),#62,.F.);
#3067=ADVANCED_FACE('',(#2754),#63,.T.);
#3068=ADVANCED_FACE('',(#2755,#2756),#64,.F.);
#3069=ADVANCED_FACE('',(#2757,#2758),#2894,.T.);
#3070=ADVANCED_FACE('',(#2759),#2895,.T.);
#3071=ADVANCED_FACE('',(#2760,#2761),#65,.F.);
#3072=ADVANCED_FACE('',(#2762,#2763),#66,.F.);
#3073=ADVANCED_FACE('',(#2764),#2896,.F.);
#3074=ADVANCED_FACE('',(#2765,#2766),#67,.F.);
#3075=ADVANCED_FACE('',(#2767),#2897,.F.);
#3076=ADVANCED_FACE('',(#2768,#2769),#68,.F.);
#3077=ADVANCED_FACE('',(#2770),#2898,.F.);
#3078=ADVANCED_FACE('',(#2771,#2772),#69,.F.);
#3079=ADVANCED_FACE('',(#2773),#2899,.F.);
#3080=CLOSED_SHELL('',(#2900,#2901,#2902,#2903,#2904,#2905,#2906,#2907,
#2908,#2909,#2910,#2911,#2912,#2913,#2914,#2915,#2916,#2917,#2918,#2919,
#2920,#2921,#2922,#2923,#2924,#2925,#2926,#2927,#2928,#2929,#2930,#2931,
#2932,#2933,#2934,#2935,#2936,#2937,#2938,#2939,#2940,#2941,#2942,#2943,
#2944,#2945,#2946,#2947,#2948,#2949,#2950,#2951,#2952,#2953,#2954,#2955,
#2956,#2957,#2958,#2959,#2960,#2961,#2962,#2963,#2964,#2965,#2966,#2967,
#2968,#2969,#2970,#2971,#2972,#2973,#2974,#2975,#2976,#2977,#2978,#2979,
#2980,#2981,#2982,#2983,#2984,#2985,#2986,#2987,#2988,#2989,#2990,#2991,
#2992,#2993,#2994,#2995,#2996,#2997,#2998,#2999,#3000,#3001,#3002,#3003,
#3004,#3005,#3006,#3007,#3008,#3009,#3010,#3011,#3012,#3013,#3014,#3015,
#3016,#3017,#3018,#3019,#3020,#3021));
#3081=CLOSED_SHELL('',(#3022,#3023,#3024,#3025,#3026,#3027,#3028,#3029,
#3030,#3031,#3032,#3033));
#3082=CLOSED_SHELL('',(#3034,#3035,#3036,#3037,#3038,#3039,#3040,#3041,
#3042,#3043,#3044,#3045,#3046,#3047,#3048,#3049,#3050,#3051,#3052,#3053,
#3054,#3055,#3056,#3057,#3058,#3059,#3060,#3061,#3062,#3063,#3064,#3065,
#3066,#3067,#3068,#3069,#3070,#3071,#3072,#3073,#3074,#3075,#3076,#3077,
#3078,#3079));
#3083=STYLED_ITEM('',(#3086),#3107);
#3084=STYLED_ITEM('',(#3087),#3108);
#3085=STYLED_ITEM('',(#3088),#3109);
#3086=PRESENTATION_STYLE_ASSIGNMENT((#3089));
#3087=PRESENTATION_STYLE_ASSIGNMENT((#3090));
#3088=PRESENTATION_STYLE_ASSIGNMENT((#3091));
#3089=SURFACE_STYLE_USAGE(.BOTH.,#3092);
#3090=SURFACE_STYLE_USAGE(.BOTH.,#3093);
#3091=SURFACE_STYLE_USAGE(.BOTH.,#3094);
#3092=SURFACE_SIDE_STYLE('',(#3095));
#3093=SURFACE_SIDE_STYLE('',(#3096));
#3094=SURFACE_SIDE_STYLE('',(#3097));
#3095=SURFACE_STYLE_FILL_AREA(#3098);
#3096=SURFACE_STYLE_FILL_AREA(#3099);
#3097=SURFACE_STYLE_FILL_AREA(#3100);
#3098=FILL_AREA_STYLE('',(#3101));
#3099=FILL_AREA_STYLE('',(#3102));
#3100=FILL_AREA_STYLE('',(#3103));
#3101=FILL_AREA_STYLE_COLOUR('',#3104);
#3102=FILL_AREA_STYLE_COLOUR('',#3105);
#3103=FILL_AREA_STYLE_COLOUR('',#3106);
#3104=COLOUR_RGB('',0.0705882352941177,0.6,0.670588235294118);
#3105=COLOUR_RGB('',0.949019607843137,0.568627450980392,0.12156862745098);
#3106=COLOUR_RGB('',0.12156862745098,0.149019607843137,0.2);
#3107=MANIFOLD_SOLID_BREP('02 - Top plate | six MX keys + OLED',#3080);
#3108=MANIFOLD_SOLID_BREP('03 - OLED retainer | M2 x 8 + foam',#3081);
#3109=MANIFOLD_SOLID_BREP('01 - Base | 76 x 78 x 23 mm',#3082);
#3110=SHAPE_DEFINITION_REPRESENTATION(#5166,#3113);
#3111=SHAPE_DEFINITION_REPRESENTATION(#5167,#3114);
#3112=SHAPE_DEFINITION_REPRESENTATION(#5168,#3115);
#3113=SHAPE_REPRESENTATION('02 - Top plate | six MX keys + OLED',(#3116),
#5151);
#3114=SHAPE_REPRESENTATION('03 - OLED retainer | M2 x 8 + foam',(#3295),
#5152);
#3115=SHAPE_REPRESENTATION('01 - Base | 76 x 78 x 23 mm',(#3320),#5153);
#3116=AXIS2_PLACEMENT_3D('',#4281,#3407,#3408);
#3117=AXIS2_PLACEMENT_3D('',#4282,#3409,#3410);
#3118=AXIS2_PLACEMENT_3D('',#4291,#3415,#3416);
#3119=AXIS2_PLACEMENT_3D('',#4300,#3421,#3422);
#3120=AXIS2_PLACEMENT_3D('',#4302,#3424,#3425);
#3121=AXIS2_PLACEMENT_3D('',#4303,#3426,#3427);
#3122=AXIS2_PLACEMENT_3D('',#4304,#3428,#3429);
#3123=AXIS2_PLACEMENT_3D('',#4306,#3430,#3431);
#3124=AXIS2_PLACEMENT_3D('',#4308,#3432,#3433);
#3125=AXIS2_PLACEMENT_3D('',#4317,#3438,#3439);
#3126=AXIS2_PLACEMENT_3D('',#4326,#3444,#3445);
#3127=AXIS2_PLACEMENT_3D('',#4335,#3450,#3451);
#3128=AXIS2_PLACEMENT_3D('',#4344,#3456,#3457);
#3129=AXIS2_PLACEMENT_3D('',#4345,#3458,#3459);
#3130=AXIS2_PLACEMENT_3D('',#4346,#3460,#3461);
#3131=AXIS2_PLACEMENT_3D('',#4347,#3462,#3463);
#3132=AXIS2_PLACEMENT_3D('',#4348,#3464,#3465);
#3133=AXIS2_PLACEMENT_3D('',#4350,#3466,#3467);
#3134=AXIS2_PLACEMENT_3D('',#4352,#3468,#3469);
#3135=AXIS2_PLACEMENT_3D('',#4361,#3474,#3475);
#3136=AXIS2_PLACEMENT_3D('',#4370,#3480,#3481);
#3137=AXIS2_PLACEMENT_3D('',#4371,#3482,#3483);
#3138=AXIS2_PLACEMENT_3D('',#4372,#3484,#3485);
#3139=AXIS2_PLACEMENT_3D('',#4373,#3486,#3487);
#3140=AXIS2_PLACEMENT_3D('',#4374,#3488,#3489);
#3141=AXIS2_PLACEMENT_3D('',#4376,#3490,#3491);
#3142=AXIS2_PLACEMENT_3D('',#4378,#3492,#3493);
#3143=AXIS2_PLACEMENT_3D('',#4387,#3498,#3499);
#3144=AXIS2_PLACEMENT_3D('',#4396,#3504,#3505);
#3145=AXIS2_PLACEMENT_3D('',#4397,#3506,#3507);
#3146=AXIS2_PLACEMENT_3D('',#4398,#3508,#3509);
#3147=AXIS2_PLACEMENT_3D('',#4399,#3510,#3511);
#3148=AXIS2_PLACEMENT_3D('',#4400,#3512,#3513);
#3149=AXIS2_PLACEMENT_3D('',#4402,#3514,#3515);
#3150=AXIS2_PLACEMENT_3D('',#4404,#3516,#3517);
#3151=AXIS2_PLACEMENT_3D('',#4413,#3522,#3523);
#3152=AXIS2_PLACEMENT_3D('',#4422,#3528,#3529);
#3153=AXIS2_PLACEMENT_3D('',#4423,#3530,#3531);
#3154=AXIS2_PLACEMENT_3D('',#4428,#3533,#3534);
#3155=AXIS2_PLACEMENT_3D('',#4432,#3536,#3537);
#3156=AXIS2_PLACEMENT_3D('',#4436,#3539,#3540);
#3157=AXIS2_PLACEMENT_3D('',#4487,#3566,#3567);
#3158=AXIS2_PLACEMENT_3D('',#4489,#3568,#3569);
#3159=AXIS2_PLACEMENT_3D('',#4491,#3570,#3571);
#3160=AXIS2_PLACEMENT_3D('',#4493,#3572,#3573);
#3161=AXIS2_PLACEMENT_3D('',#4495,#3574,#3575);
#3162=AXIS2_PLACEMENT_3D('',#4499,#3577,#3578);
#3163=AXIS2_PLACEMENT_3D('',#4500,#3579,#3580);
#3164=AXIS2_PLACEMENT_3D('',#4504,#3582,#3583);
#3165=AXIS2_PLACEMENT_3D('',#4505,#3584,#3585);
#3166=AXIS2_PLACEMENT_3D('',#4506,#3586,#3587);
#3167=AXIS2_PLACEMENT_3D('',#4508,#3588,#3589);
#3168=AXIS2_PLACEMENT_3D('',#4511,#3591,#3592);
#3169=AXIS2_PLACEMENT_3D('',#4513,#3594,#3595);
#3170=AXIS2_PLACEMENT_3D('',#4514,#3596,#3597);
#3171=AXIS2_PLACEMENT_3D('',#4518,#3599,#3600);
#3172=AXIS2_PLACEMENT_3D('',#4519,#3601,#3602);
#3173=AXIS2_PLACEMENT_3D('',#4523,#3604,#3605);
#3174=AXIS2_PLACEMENT_3D('',#4580,#3634,#3635);
#3175=AXIS2_PLACEMENT_3D('',#4581,#3636,#3637);
#3176=AXIS2_PLACEMENT_3D('',#4582,#3638,#3639);
#3177=AXIS2_PLACEMENT_3D('',#4583,#3640,#3641);
#3178=AXIS2_PLACEMENT_3D('',#4584,#3642,#3643);
#3179=AXIS2_PLACEMENT_3D('',#4585,#3644,#3645);
#3180=AXIS2_PLACEMENT_3D('',#4586,#3646,#3647);
#3181=AXIS2_PLACEMENT_3D('',#4589,#3650,#3651);
#3182=AXIS2_PLACEMENT_3D('',#4590,#3652,#3653);
#3183=AXIS2_PLACEMENT_3D('',#4591,#3654,#3655);
#3184=AXIS2_PLACEMENT_3D('',#4593,#3657,#3658);
#3185=AXIS2_PLACEMENT_3D('',#4595,#3660,#3661);
#3186=AXIS2_PLACEMENT_3D('',#4596,#3662,#3663);
#3187=AXIS2_PLACEMENT_3D('',#4598,#3665,#3666);
#3188=AXIS2_PLACEMENT_3D('',#4599,#3667,#3668);
#3189=AXIS2_PLACEMENT_3D('',#4600,#3669,#3670);
#3190=AXIS2_PLACEMENT_3D('',#4601,#3671,#3672);
#3191=AXIS2_PLACEMENT_3D('',#4602,#3673,#3674);
#3192=AXIS2_PLACEMENT_3D('',#4604,#3675,#3676);
#3193=AXIS2_PLACEMENT_3D('',#4605,#3677,#3678);
#3194=AXIS2_PLACEMENT_3D('',#4606,#3679,#3680);
#3195=AXIS2_PLACEMENT_3D('',#4607,#3681,#3682);
#3196=AXIS2_PLACEMENT_3D('',#4608,#3683,#3684);
#3197=AXIS2_PLACEMENT_3D('',#4610,#3685,#3686);
#3198=AXIS2_PLACEMENT_3D('',#4611,#3687,#3688);
#3199=AXIS2_PLACEMENT_3D('',#4612,#3689,#3690);
#3200=AXIS2_PLACEMENT_3D('',#4613,#3691,#3692);
#3201=AXIS2_PLACEMENT_3D('',#4614,#3693,#3694);
#3202=AXIS2_PLACEMENT_3D('',#4616,#3695,#3696);
#3203=AXIS2_PLACEMENT_3D('',#4617,#3697,#3698);
#3204=AXIS2_PLACEMENT_3D('',#4618,#3699,#3700);
#3205=AXIS2_PLACEMENT_3D('',#4619,#3701,#3702);
#3206=AXIS2_PLACEMENT_3D('',#4620,#3703,#3704);
#3207=AXIS2_PLACEMENT_3D('',#4622,#3705,#3706);
#3208=AXIS2_PLACEMENT_3D('',#4623,#3707,#3708);
#3209=AXIS2_PLACEMENT_3D('',#4629,#3712,#3713);
#3210=AXIS2_PLACEMENT_3D('',#4633,#3716,#3717);
#3211=AXIS2_PLACEMENT_3D('',#4637,#3720,#3721);
#3212=AXIS2_PLACEMENT_3D('',#4639,#3723,#3724);
#3213=AXIS2_PLACEMENT_3D('',#4645,#3728,#3729);
#3214=AXIS2_PLACEMENT_3D('',#4649,#3732,#3733);
#3215=AXIS2_PLACEMENT_3D('',#4653,#3736,#3737);
#3216=AXIS2_PLACEMENT_3D('',#4655,#3739,#3740);
#3217=AXIS2_PLACEMENT_3D('',#4656,#3741,#3742);
#3218=AXIS2_PLACEMENT_3D('',#4662,#3746,#3747);
#3219=AXIS2_PLACEMENT_3D('',#4666,#3750,#3751);
#3220=AXIS2_PLACEMENT_3D('',#4670,#3754,#3755);
#3221=AXIS2_PLACEMENT_3D('',#4672,#3757,#3758);
#3222=AXIS2_PLACEMENT_3D('',#4678,#3762,#3763);
#3223=AXIS2_PLACEMENT_3D('',#4682,#3766,#3767);
#3224=AXIS2_PLACEMENT_3D('',#4686,#3770,#3771);
#3225=AXIS2_PLACEMENT_3D('',#4688,#3773,#3774);
#3226=AXIS2_PLACEMENT_3D('',#4689,#3775,#3776);
#3227=AXIS2_PLACEMENT_3D('',#4695,#3780,#3781);
#3228=AXIS2_PLACEMENT_3D('',#4699,#3784,#3785);
#3229=AXIS2_PLACEMENT_3D('',#4703,#3788,#3789);
#3230=AXIS2_PLACEMENT_3D('',#4705,#3791,#3792);
#3231=AXIS2_PLACEMENT_3D('',#4711,#3796,#3797);
#3232=AXIS2_PLACEMENT_3D('',#4715,#3800,#3801);
#3233=AXIS2_PLACEMENT_3D('',#4719,#3804,#3805);
#3234=AXIS2_PLACEMENT_3D('',#4721,#3807,#3808);
#3235=AXIS2_PLACEMENT_3D('',#4722,#3809,#3810);
#3236=AXIS2_PLACEMENT_3D('',#4728,#3814,#3815);
#3237=AXIS2_PLACEMENT_3D('',#4732,#3818,#3819);
#3238=AXIS2_PLACEMENT_3D('',#4736,#3822,#3823);
#3239=AXIS2_PLACEMENT_3D('',#4738,#3825,#3826);
#3240=AXIS2_PLACEMENT_3D('',#4744,#3830,#3831);
#3241=AXIS2_PLACEMENT_3D('',#4748,#3834,#3835);
#3242=AXIS2_PLACEMENT_3D('',#4752,#3838,#3839);
#3243=AXIS2_PLACEMENT_3D('',#4754,#3841,#3842);
#3244=AXIS2_PLACEMENT_3D('',#4755,#3843,#3844);
#3245=AXIS2_PLACEMENT_3D('',#4761,#3848,#3849);
#3246=AXIS2_PLACEMENT_3D('',#4765,#3852,#3853);
#3247=AXIS2_PLACEMENT_3D('',#4769,#3856,#3857);
#3248=AXIS2_PLACEMENT_3D('',#4771,#3859,#3860);
#3249=AXIS2_PLACEMENT_3D('',#4777,#3864,#3865);
#3250=AXIS2_PLACEMENT_3D('',#4781,#3868,#3869);
#3251=AXIS2_PLACEMENT_3D('',#4785,#3872,#3873);
#3252=AXIS2_PLACEMENT_3D('',#4787,#3875,#3876);
#3253=AXIS2_PLACEMENT_3D('',#4788,#3877,#3878);
#3254=AXIS2_PLACEMENT_3D('',#4794,#3882,#3883);
#3255=AXIS2_PLACEMENT_3D('',#4798,#3886,#3887);
#3256=AXIS2_PLACEMENT_3D('',#4802,#3890,#3891);
#3257=AXIS2_PLACEMENT_3D('',#4804,#3893,#3894);
#3258=AXIS2_PLACEMENT_3D('',#4810,#3898,#3899);
#3259=AXIS2_PLACEMENT_3D('',#4814,#3902,#3903);
#3260=AXIS2_PLACEMENT_3D('',#4818,#3906,#3907);
#3261=AXIS2_PLACEMENT_3D('',#4820,#3909,#3910);
#3262=AXIS2_PLACEMENT_3D('',#4821,#3911,#3912);
#3263=AXIS2_PLACEMENT_3D('',#4827,#3916,#3917);
#3264=AXIS2_PLACEMENT_3D('',#4831,#3920,#3921);
#3265=AXIS2_PLACEMENT_3D('',#4835,#3924,#3925);
#3266=AXIS2_PLACEMENT_3D('',#4837,#3927,#3928);
#3267=AXIS2_PLACEMENT_3D('',#4841,#3930,#3931);
#3268=AXIS2_PLACEMENT_3D('',#4845,#3933,#3934);
#3269=AXIS2_PLACEMENT_3D('',#4849,#3936,#3937);
#3270=AXIS2_PLACEMENT_3D('',#4853,#3939,#3940);
#3271=AXIS2_PLACEMENT_3D('',#4854,#3941,#3942);
#3272=AXIS2_PLACEMENT_3D('',#4857,#3945,#3946);
#3273=AXIS2_PLACEMENT_3D('',#4860,#3949,#3950);
#3274=AXIS2_PLACEMENT_3D('',#4863,#3953,#3954);
#3275=AXIS2_PLACEMENT_3D('',#4864,#3955,#3956);
#3276=AXIS2_PLACEMENT_3D('',#4865,#3957,#3958);
#3277=AXIS2_PLACEMENT_3D('',#4867,#3960,#3961);
#3278=AXIS2_PLACEMENT_3D('',#4869,#3963,#3964);
#3279=AXIS2_PLACEMENT_3D('',#4870,#3965,#3966);
#3280=AXIS2_PLACEMENT_3D('',#4871,#3967,#3968);
#3281=AXIS2_PLACEMENT_3D('',#4872,#3969,#3970);
#3282=AXIS2_PLACEMENT_3D('',#4873,#3971,#3972);
#3283=AXIS2_PLACEMENT_3D('',#4875,#3973,#3974);
#3284=AXIS2_PLACEMENT_3D('',#4876,#3975,#3976);
#3285=AXIS2_PLACEMENT_3D('',#4878,#3977,#3978);
#3286=AXIS2_PLACEMENT_3D('',#4879,#3979,#3980);
#3287=AXIS2_PLACEMENT_3D('',#4881,#3981,#3982);
#3288=AXIS2_PLACEMENT_3D('',#4882,#3983,#3984);
#3289=AXIS2_PLACEMENT_3D('',#4883,#3985,#3986);
#3290=AXIS2_PLACEMENT_3D('',#4885,#3987,#3988);
#3291=AXIS2_PLACEMENT_3D('',#4886,#3989,#3990);
#3292=AXIS2_PLACEMENT_3D('',#4888,#3991,#3992);
#3293=AXIS2_PLACEMENT_3D('',#4889,#3993,#3994);
#3294=AXIS2_PLACEMENT_3D('',#4891,#3995,#3996);
#3295=AXIS2_PLACEMENT_3D('',#4892,#3997,#3998);
#3296=AXIS2_PLACEMENT_3D('',#4893,#3999,#4000);
#3297=AXIS2_PLACEMENT_3D('',#4902,#4005,#4006);
#3298=AXIS2_PLACEMENT_3D('',#4911,#4011,#4012);
#3299=AXIS2_PLACEMENT_3D('',#4912,#4013,#4014);
#3300=AXIS2_PLACEMENT_3D('',#4914,#4015,#4016);
#3301=AXIS2_PLACEMENT_3D('',#4916,#4017,#4018);
#3302=AXIS2_PLACEMENT_3D('',#4920,#4020,#4021);
#3303=AXIS2_PLACEMENT_3D('',#4921,#4022,#4023);
#3304=AXIS2_PLACEMENT_3D('',#4925,#4025,#4026);
#3305=AXIS2_PLACEMENT_3D('',#4926,#4027,#4028);
#3306=AXIS2_PLACEMENT_3D('',#4927,#4029,#4030);
#3307=AXIS2_PLACEMENT_3D('',#4929,#4031,#4032);
#3308=AXIS2_PLACEMENT_3D('',#4931,#4033,#4034);
#3309=AXIS2_PLACEMENT_3D('',#4935,#4036,#4037);
#3310=AXIS2_PLACEMENT_3D('',#4936,#4038,#4039);
#3311=AXIS2_PLACEMENT_3D('',#4940,#4041,#4042);
#3312=AXIS2_PLACEMENT_3D('',#4941,#4043,#4044);
#3313=AXIS2_PLACEMENT_3D('',#4944,#4047,#4048);
#3314=AXIS2_PLACEMENT_3D('',#4945,#4049,#4050);
#3315=AXIS2_PLACEMENT_3D('',#4946,#4051,#4052);
#3316=AXIS2_PLACEMENT_3D('',#4948,#4054,#4055);
#3317=AXIS2_PLACEMENT_3D('',#4950,#4057,#4058);
#3318=AXIS2_PLACEMENT_3D('',#4951,#4059,#4060);
#3319=AXIS2_PLACEMENT_3D('',#4952,#4061,#4062);
#3320=AXIS2_PLACEMENT_3D('',#4953,#4063,#4064);
#3321=AXIS2_PLACEMENT_3D('',#4954,#4065,#4066);
#3322=AXIS2_PLACEMENT_3D('',#4963,#4071,#4072);
#3323=AXIS2_PLACEMENT_3D('',#4980,#4081,#4082);
#3324=AXIS2_PLACEMENT_3D('',#4989,#4087,#4088);
#3325=AXIS2_PLACEMENT_3D('',#4998,#4093,#4094);
#3326=AXIS2_PLACEMENT_3D('',#5007,#4099,#4100);
#3327=AXIS2_PLACEMENT_3D('',#5024,#4109,#4110);
#3328=AXIS2_PLACEMENT_3D('',#5025,#4111,#4112);
#3329=AXIS2_PLACEMENT_3D('',#5027,#4113,#4114);
#3330=AXIS2_PLACEMENT_3D('',#5028,#4115,#4116);
#3331=AXIS2_PLACEMENT_3D('',#5029,#4117,#4118);
#3332=AXIS2_PLACEMENT_3D('',#5030,#4119,#4120);
#3333=AXIS2_PLACEMENT_3D('',#5032,#4122,#4123);
#3334=AXIS2_PLACEMENT_3D('',#5036,#4125,#4126);
#3335=AXIS2_PLACEMENT_3D('',#5037,#4127,#4128);
#3336=AXIS2_PLACEMENT_3D('',#5041,#4130,#4131);
#3337=AXIS2_PLACEMENT_3D('',#5043,#4133,#4134);
#3338=AXIS2_PLACEMENT_3D('',#5045,#4135,#4136);
#3339=AXIS2_PLACEMENT_3D('',#5047,#4137,#4138);
#3340=AXIS2_PLACEMENT_3D('',#5049,#4139,#4140);
#3341=AXIS2_PLACEMENT_3D('',#5050,#4141,#4142);
#3342=AXIS2_PLACEMENT_3D('',#5052,#4143,#4144);
#3343=AXIS2_PLACEMENT_3D('',#5054,#4145,#4146);
#3344=AXIS2_PLACEMENT_3D('',#5056,#4147,#4148);
#3345=AXIS2_PLACEMENT_3D('',#5058,#4149,#4150);
#3346=AXIS2_PLACEMENT_3D('',#5062,#4152,#4153);
#3347=AXIS2_PLACEMENT_3D('',#5063,#4154,#4155);
#3348=AXIS2_PLACEMENT_3D('',#5067,#4157,#4158);
#3349=AXIS2_PLACEMENT_3D('',#5068,#4159,#4160);
#3350=AXIS2_PLACEMENT_3D('',#5071,#4163,#4164);
#3351=AXIS2_PLACEMENT_3D('',#5072,#4165,#4166);
#3352=AXIS2_PLACEMENT_3D('',#5073,#4167,#4168);
#3353=AXIS2_PLACEMENT_3D('',#5075,#4170,#4171);
#3354=AXIS2_PLACEMENT_3D('',#5077,#4173,#4174);
#3355=AXIS2_PLACEMENT_3D('',#5078,#4175,#4176);
#3356=AXIS2_PLACEMENT_3D('',#5079,#4177,#4178);
#3357=AXIS2_PLACEMENT_3D('',#5080,#4179,#4180);
#3358=AXIS2_PLACEMENT_3D('',#5081,#4181,#4182);
#3359=AXIS2_PLACEMENT_3D('',#5082,#4183,#4184);
#3360=AXIS2_PLACEMENT_3D('',#5083,#4185,#4186);
#3361=AXIS2_PLACEMENT_3D('',#5086,#4189,#4190);
#3362=AXIS2_PLACEMENT_3D('',#5087,#4191,#4192);
#3363=AXIS2_PLACEMENT_3D('',#5088,#4193,#4194);
#3364=AXIS2_PLACEMENT_3D('',#5089,#4195,#4196);
#3365=AXIS2_PLACEMENT_3D('',#5090,#4197,#4198);
#3366=AXIS2_PLACEMENT_3D('',#5092,#4199,#4200);
#3367=AXIS2_PLACEMENT_3D('',#5093,#4201,#4202);
#3368=AXIS2_PLACEMENT_3D('',#5095,#4203,#4204);
#3369=AXIS2_PLACEMENT_3D('',#5096,#4205,#4206);
#3370=AXIS2_PLACEMENT_3D('',#5098,#4207,#4208);
#3371=AXIS2_PLACEMENT_3D('',#5099,#4209,#4210);
#3372=AXIS2_PLACEMENT_3D('',#5100,#4211,#4212);
#3373=AXIS2_PLACEMENT_3D('',#5101,#4213,#4214);
#3374=AXIS2_PLACEMENT_3D('',#5103,#4215,#4216);
#3375=AXIS2_PLACEMENT_3D('',#5104,#4217,#4218);
#3376=AXIS2_PLACEMENT_3D('',#5106,#4219,#4220);
#3377=AXIS2_PLACEMENT_3D('',#5107,#4221,#4222);
#3378=AXIS2_PLACEMENT_3D('',#5109,#4223,#4224);
#3379=AXIS2_PLACEMENT_3D('',#5110,#4225,#4226);
#3380=AXIS2_PLACEMENT_3D('',#5111,#4227,#4228);
#3381=AXIS2_PLACEMENT_3D('',#5112,#4229,#4230);
#3382=AXIS2_PLACEMENT_3D('',#5114,#4231,#4232);
#3383=AXIS2_PLACEMENT_3D('',#5115,#4233,#4234);
#3384=AXIS2_PLACEMENT_3D('',#5117,#4235,#4236);
#3385=AXIS2_PLACEMENT_3D('',#5118,#4237,#4238);
#3386=AXIS2_PLACEMENT_3D('',#5120,#4239,#4240);
#3387=AXIS2_PLACEMENT_3D('',#5121,#4241,#4242);
#3388=AXIS2_PLACEMENT_3D('',#5122,#4243,#4244);
#3389=AXIS2_PLACEMENT_3D('',#5123,#4245,#4246);
#3390=AXIS2_PLACEMENT_3D('',#5125,#4247,#4248);
#3391=AXIS2_PLACEMENT_3D('',#5126,#4249,#4250);
#3392=AXIS2_PLACEMENT_3D('',#5128,#4251,#4252);
#3393=AXIS2_PLACEMENT_3D('',#5129,#4253,#4254);
#3394=AXIS2_PLACEMENT_3D('',#5131,#4255,#4256);
#3395=AXIS2_PLACEMENT_3D('',#5132,#4257,#4258);
#3396=AXIS2_PLACEMENT_3D('',#5133,#4259,#4260);
#3397=AXIS2_PLACEMENT_3D('',#5135,#4261,#4262);
#3398=AXIS2_PLACEMENT_3D('',#5136,#4263,#4264);
#3399=AXIS2_PLACEMENT_3D('',#5137,#4265,#4266);
#3400=AXIS2_PLACEMENT_3D('',#5139,#4267,#4268);
#3401=AXIS2_PLACEMENT_3D('',#5140,#4269,#4270);
#3402=AXIS2_PLACEMENT_3D('',#5141,#4271,#4272);
#3403=AXIS2_PLACEMENT_3D('',#5143,#4273,#4274);
#3404=AXIS2_PLACEMENT_3D('',#5144,#4275,#4276);
#3405=AXIS2_PLACEMENT_3D('',#5145,#4277,#4278);
#3406=AXIS2_PLACEMENT_3D('',#5147,#4279,#4280);
#3407=DIRECTION('',(0.,0.,1.));
#3408=DIRECTION('',(1.,0.,0.));
#3409=DIRECTION('',(0.,1.,0.));
#3410=DIRECTION('',(0.,0.,1.));
#3411=DIRECTION('',(1.,0.,0.));
#3412=DIRECTION('',(0.,0.,1.));
#3413=DIRECTION('',(-1.,0.,0.));
#3414=DIRECTION('',(0.,0.,-1.));
#3415=DIRECTION('',(0.,1.,0.));
#3416=DIRECTION('',(0.,0.,1.));
#3417=DIRECTION('',(0.,0.,1.));
#3418=DIRECTION('',(-1.,0.,0.));
#3419=DIRECTION('',(0.,0.,-1.));
#3420=DIRECTION('',(-1.,0.,0.));
#3421=DIRECTION('',(0.,0.,1.));
#3422=DIRECTION('',(1.,0.,0.));
#3423=DIRECTION('',(0.,-1.,0.));
#3424=DIRECTION('',(0.,0.,1.));
#3425=DIRECTION('',(1.,0.,0.));
#3426=DIRECTION('',(0.,0.,-1.));
#3427=DIRECTION('',(-1.,0.,0.));
#3428=DIRECTION('',(0.,0.,1.));
#3429=DIRECTION('',(1.,0.,0.));
#3430=DIRECTION('',(0.,0.,1.));
#3431=DIRECTION('',(1.,0.,0.));
#3432=DIRECTION('',(-1.,0.,0.));
#3433=DIRECTION('',(0.,0.,1.));
#3434=DIRECTION('',(0.,0.,-1.));
#3435=DIRECTION('',(0.,-1.,0.));
#3436=DIRECTION('',(0.,0.,-1.));
#3437=DIRECTION('',(0.,1.,0.));
#3438=DIRECTION('',(-1.,0.,0.));
#3439=DIRECTION('',(0.,0.,1.));
#3440=DIRECTION('',(0.,-1.,0.));
#3441=DIRECTION('',(0.,0.,-1.));
#3442=DIRECTION('',(0.,-1.,0.));
#3443=DIRECTION('',(0.,0.,-1.));
#3444=DIRECTION('',(0.,1.,0.));
#3445=DIRECTION('',(0.,0.,1.));
#3446=DIRECTION('',(0.,0.,1.));
#3447=DIRECTION('',(1.,0.,0.));
#3448=DIRECTION('',(0.,0.,-1.));
#3449=DIRECTION('',(-1.,0.,0.));
#3450=DIRECTION('',(0.,1.,0.));
#3451=DIRECTION('',(0.,0.,1.));
#3452=DIRECTION('',(-1.,0.,0.));
#3453=DIRECTION('',(0.,0.,1.));
#3454=DIRECTION('',(-1.,0.,0.));
#3455=DIRECTION('',(0.,0.,-1.));
#3456=DIRECTION('',(0.,0.,1.));
#3457=DIRECTION('',(1.,0.,0.));
#3458=DIRECTION('',(0.,0.,1.));
#3459=DIRECTION('',(1.,0.,0.));
#3460=DIRECTION('',(0.,0.,1.));
#3461=DIRECTION('',(1.,0.,0.));
#3462=DIRECTION('',(0.,0.,-1.));
#3463=DIRECTION('',(-1.,0.,0.));
#3464=DIRECTION('',(0.,0.,1.));
#3465=DIRECTION('',(1.,0.,0.));
#3466=DIRECTION('',(0.,0.,1.));
#3467=DIRECTION('',(1.,0.,0.));
#3468=DIRECTION('',(0.,1.,0.));
#3469=DIRECTION('',(0.,0.,1.));
#3470=DIRECTION('',(0.,0.,-1.));
#3471=DIRECTION('',(-1.,0.,0.));
#3472=DIRECTION('',(0.,0.,-1.));
#3473=DIRECTION('',(1.,0.,0.));
#3474=DIRECTION('',(0.,1.,0.));
#3475=DIRECTION('',(0.,0.,1.));
#3476=DIRECTION('',(-1.,0.,0.));
#3477=DIRECTION('',(0.,0.,-1.));
#3478=DIRECTION('',(-1.,0.,0.));
#3479=DIRECTION('',(0.,0.,-1.));
#3480=DIRECTION('',(0.,0.,1.));
#3481=DIRECTION('',(1.,0.,0.));
#3482=DIRECTION('',(0.,0.,1.));
#3483=DIRECTION('',(1.,0.,0.));
#3484=DIRECTION('',(0.,0.,1.));
#3485=DIRECTION('',(1.,0.,0.));
#3486=DIRECTION('',(0.,0.,-1.));
#3487=DIRECTION('',(-1.,0.,0.));
#3488=DIRECTION('',(0.,0.,1.));
#3489=DIRECTION('',(1.,0.,0.));
#3490=DIRECTION('',(0.,0.,1.));
#3491=DIRECTION('',(1.,0.,0.));
#3492=DIRECTION('',(-1.,0.,0.));
#3493=DIRECTION('',(0.,0.,1.));
#3494=DIRECTION('',(0.,-1.,0.));
#3495=DIRECTION('',(0.,0.,-1.));
#3496=DIRECTION('',(0.,1.,0.));
#3497=DIRECTION('',(0.,0.,-1.));
#3498=DIRECTION('',(-1.,0.,0.));
#3499=DIRECTION('',(0.,0.,1.));
#3500=DIRECTION('',(0.,0.,-1.));
#3501=DIRECTION('',(0.,-1.,0.));
#3502=DIRECTION('',(0.,0.,-1.));
#3503=DIRECTION('',(0.,-1.,0.));
#3504=DIRECTION('',(0.,0.,1.));
#3505=DIRECTION('',(1.,0.,0.));
#3506=DIRECTION('',(0.,0.,1.));
#3507=DIRECTION('',(1.,0.,0.));
#3508=DIRECTION('',(0.,0.,1.));
#3509=DIRECTION('',(1.,0.,0.));
#3510=DIRECTION('',(0.,0.,-1.));
#3511=DIRECTION('',(-1.,0.,0.));
#3512=DIRECTION('',(0.,0.,1.));
#3513=DIRECTION('',(1.,0.,0.));
#3514=DIRECTION('',(0.,0.,1.));
#3515=DIRECTION('',(1.,0.,0.));
#3516=DIRECTION('',(0.,1.,0.));
#3517=DIRECTION('',(0.,0.,1.));
#3518=DIRECTION('',(1.,0.,0.));
#3519=DIRECTION('',(0.,0.,-1.));
#3520=DIRECTION('',(1.,0.,0.));
#3521=DIRECTION('',(0.,0.,-1.));
#3522=DIRECTION('',(0.,1.,0.));
#3523=DIRECTION('',(0.,0.,1.));
#3524=DIRECTION('',(1.,0.,0.));
#3525=DIRECTION('',(0.,0.,-1.));
#3526=DIRECTION('',(1.,0.,0.));
#3527=DIRECTION('',(0.,0.,-1.));
#3528=DIRECTION('',(0.,0.,1.));
#3529=DIRECTION('',(1.,0.,0.));
#3530=DIRECTION('',(0.,0.,1.));
#3531=DIRECTION('',(1.,0.,0.));
#3532=DIRECTION('',(0.,-1.,0.));
#3533=DIRECTION('',(0.,0.,1.));
#3534=DIRECTION('',(1.,0.,0.));
#3535=DIRECTION('',(-1.,0.,0.));
#3536=DIRECTION('',(0.,0.,1.));
#3537=DIRECTION('',(1.,0.,0.));
#3538=DIRECTION('',(0.,-1.,0.));
#3539=DIRECTION('',(0.,0.,1.));
#3540=DIRECTION('',(1.,0.,0.));
#3541=DIRECTION('',(-1.,0.,0.));
#3542=DIRECTION('',(0.,-1.,0.));
#3543=DIRECTION('',(-1.,0.,0.));
#3544=DIRECTION('',(0.,-1.,0.));
#3545=DIRECTION('',(-1.,0.,0.));
#3546=DIRECTION('',(0.,-1.,0.));
#3547=DIRECTION('',(-1.,0.,0.));
#3548=DIRECTION('',(0.,-1.,0.));
#3549=DIRECTION('',(-1.,0.,0.));
#3550=DIRECTION('',(0.,-1.,0.));
#3551=DIRECTION('',(-1.,0.,0.));
#3552=DIRECTION('',(0.,-1.,0.));
#3553=DIRECTION('',(-1.,0.,0.));
#3554=DIRECTION('',(0.,-1.,0.));
#3555=DIRECTION('',(-1.,0.,0.));
#3556=DIRECTION('',(0.,-1.,0.));
#3557=DIRECTION('',(-1.,0.,0.));
#3558=DIRECTION('',(0.,-1.,0.));
#3559=DIRECTION('',(-1.,0.,0.));
#3560=DIRECTION('',(0.,-1.,0.));
#3561=DIRECTION('',(-1.,0.,0.));
#3562=DIRECTION('',(0.,-1.,0.));
#3563=DIRECTION('',(-1.,0.,0.));
#3564=DIRECTION('',(0.,-1.,0.));
#3565=DIRECTION('',(-1.,0.,0.));
#3566=DIRECTION('',(0.,0.,1.));
#3567=DIRECTION('',(1.,0.,0.));
#3568=DIRECTION('',(0.,0.,1.));
#3569=DIRECTION('',(1.,0.,0.));
#3570=DIRECTION('',(0.,0.,1.));
#3571=DIRECTION('',(1.,0.,0.));
#3572=DIRECTION('',(0.,0.,1.));
#3573=DIRECTION('',(1.,0.,0.));
#3574=DIRECTION('',(0.,0.,1.));
#3575=DIRECTION('',(1.,0.,0.));
#3576=DIRECTION('',(0.,1.,0.));
#3577=DIRECTION('',(0.,0.,1.));
#3578=DIRECTION('',(1.,-1.7347234759768E-16,0.));
#3579=DIRECTION('',(0.,0.,1.));
#3580=DIRECTION('',(1.,-1.7347234759768E-16,0.));
#3581=DIRECTION('',(0.,1.,0.));
#3582=DIRECTION('',(0.,0.,1.));
#3583=DIRECTION('',(1.,0.,0.));
#3584=DIRECTION('',(0.,0.,1.));
#3585=DIRECTION('',(1.,0.,0.));
#3586=DIRECTION('',(0.,0.,1.));
#3587=DIRECTION('',(1.,0.,0.));
#3588=DIRECTION('',(0.,0.,1.));
#3589=DIRECTION('',(1.,0.,0.));
#3590=DIRECTION('',(0.,1.,0.));
#3591=DIRECTION('',(0.,0.,1.));
#3592=DIRECTION('',(1.,0.,0.));
#3593=DIRECTION('',(0.,1.,0.));
#3594=DIRECTION('',(0.,0.,1.));
#3595=DIRECTION('',(1.,0.,0.));
#3596=DIRECTION('',(0.,0.,1.));
#3597=DIRECTION('',(1.,0.,0.));
#3598=DIRECTION('',(0.,1.,0.));
#3599=DIRECTION('',(0.,0.,1.));
#3600=DIRECTION('',(1.,-1.7347234759768E-16,0.));
#3601=DIRECTION('',(0.,0.,1.));
#3602=DIRECTION('',(1.,-1.7347234759768E-16,0.));
#3603=DIRECTION('',(0.,1.,0.));
#3604=DIRECTION('',(0.,0.,1.));
#3605=DIRECTION('',(1.,0.,0.));
#3606=DIRECTION('',(-1.,0.,0.));
#3607=DIRECTION('',(0.,-1.,0.));
#3608=DIRECTION('',(-1.,0.,0.));
#3609=DIRECTION('',(0.,-1.,0.));
#3610=DIRECTION('',(-1.,0.,0.));
#3611=DIRECTION('',(0.,-1.,0.));
#3612=DIRECTION('',(-1.,0.,0.));
#3613=DIRECTION('',(0.,-1.,0.));
#3614=DIRECTION('',(-1.,0.,0.));
#3615=DIRECTION('',(0.,-1.,0.));
#3616=DIRECTION('',(-1.,0.,0.));
#3617=DIRECTION('',(0.,-1.,0.));
#3618=DIRECTION('',(-1.,0.,0.));
#3619=DIRECTION('',(0.,-1.,0.));
#3620=DIRECTION('',(-1.,0.,0.));
#3621=DIRECTION('',(0.,-1.,0.));
#3622=DIRECTION('',(-1.,0.,0.));
#3623=DIRECTION('',(0.,-1.,0.));
#3624=DIRECTION('',(-1.,0.,0.));
#3625=DIRECTION('',(0.,-1.,0.));
#3626=DIRECTION('',(-1.,0.,0.));
#3627=DIRECTION('',(0.,-1.,0.));
#3628=DIRECTION('',(-1.,0.,0.));
#3629=DIRECTION('',(0.,-1.,0.));
#3630=DIRECTION('',(-1.,0.,0.));
#3631=DIRECTION('',(0.,-1.,0.));
#3632=DIRECTION('',(-1.,0.,0.));
#3633=DIRECTION('',(0.,-1.,0.));
#3634=DIRECTION('',(0.,0.,1.));
#3635=DIRECTION('',(1.,0.,0.));
#3636=DIRECTION('',(0.,0.,1.));
#3637=DIRECTION('',(1.,0.,0.));
#3638=DIRECTION('',(0.,0.,1.));
#3639=DIRECTION('',(1.,0.,0.));
#3640=DIRECTION('',(0.,0.,1.));
#3641=DIRECTION('',(1.,0.,0.));
#3642=DIRECTION('',(0.,0.,1.));
#3643=DIRECTION('',(1.,0.,0.));
#3644=DIRECTION('',(0.,0.,1.));
#3645=DIRECTION('',(1.,0.,0.));
#3646=DIRECTION('',(-1.,0.,0.));
#3647=DIRECTION('',(0.,0.,1.));
#3648=DIRECTION('',(0.,0.,-1.));
#3649=DIRECTION('',(0.,0.,-1.));
#3650=DIRECTION('',(0.,0.,-1.));
#3651=DIRECTION('',(-1.,0.,0.));
#3652=DIRECTION('',(0.,0.,-1.));
#3653=DIRECTION('',(-1.,0.,0.));
#3654=DIRECTION('',(0.,0.,-1.));
#3655=DIRECTION('',(-1.,0.,0.));
#3656=DIRECTION('',(0.,0.,-1.));
#3657=DIRECTION('',(-1.,0.,0.));
#3658=DIRECTION('',(0.,0.,1.));
#3659=DIRECTION('',(0.,0.,-1.));
#3660=DIRECTION('',(0.,0.,-1.));
#3661=DIRECTION('',(-1.,0.,0.));
#3662=DIRECTION('',(0.,0.,1.));
#3663=DIRECTION('',(1.,0.,0.));
#3664=DIRECTION('',(0.,-1.,0.));
#3665=DIRECTION('',(0.,0.,1.));
#3666=DIRECTION('',(1.,0.,0.));
#3667=DIRECTION('',(0.,0.,-1.));
#3668=DIRECTION('',(-1.,0.,0.));
#3669=DIRECTION('',(0.,0.,-1.));
#3670=DIRECTION('',(-1.,0.,0.));
#3671=DIRECTION('',(0.,0.,-1.));
#3672=DIRECTION('',(-1.,0.,0.));
#3673=DIRECTION('',(0.,0.,1.));
#3674=DIRECTION('',(1.,0.,0.));
#3675=DIRECTION('',(0.,0.,1.));
#3676=DIRECTION('',(1.,0.,0.));
#3677=DIRECTION('',(0.,0.,-1.));
#3678=DIRECTION('',(-1.,0.,0.));
#3679=DIRECTION('',(0.,0.,-1.));
#3680=DIRECTION('',(-1.,0.,0.));
#3681=DIRECTION('',(0.,0.,-1.));
#3682=DIRECTION('',(-1.,0.,0.));
#3683=DIRECTION('',(0.,0.,1.));
#3684=DIRECTION('',(1.,0.,0.));
#3685=DIRECTION('',(0.,0.,1.));
#3686=DIRECTION('',(1.,0.,0.));
#3687=DIRECTION('',(0.,0.,-1.));
#3688=DIRECTION('',(-1.,0.,0.));
#3689=DIRECTION('',(0.,0.,-1.));
#3690=DIRECTION('',(-1.,0.,0.));
#3691=DIRECTION('',(0.,0.,-1.));
#3692=DIRECTION('',(-1.,0.,0.));
#3693=DIRECTION('',(0.,0.,1.));
#3694=DIRECTION('',(1.,0.,0.));
#3695=DIRECTION('',(0.,0.,1.));
#3696=DIRECTION('',(1.,0.,0.));
#3697=DIRECTION('',(0.,0.,-1.));
#3698=DIRECTION('',(-1.,0.,0.));
#3699=DIRECTION('',(0.,0.,-1.));
#3700=DIRECTION('',(-1.,0.,0.));
#3701=DIRECTION('',(0.,0.,-1.));
#3702=DIRECTION('',(-1.,0.,0.));
#3703=DIRECTION('',(0.,0.,1.));
#3704=DIRECTION('',(1.,0.,0.));
#3705=DIRECTION('',(0.,0.,1.));
#3706=DIRECTION('',(1.,0.,0.));
#3707=DIRECTION('',(-1.,0.,0.));
#3708=DIRECTION('',(0.,0.,1.));
#3709=DIRECTION('',(0.,0.,-1.));
#3710=DIRECTION('',(0.,1.,0.));
#3711=DIRECTION('',(0.,0.,-1.));
#3712=DIRECTION('',(0.,1.,0.));
#3713=DIRECTION('',(0.,0.,1.));
#3714=DIRECTION('',(1.,0.,0.));
#3715=DIRECTION('',(0.,0.,-1.));
#3716=DIRECTION('',(-1.,0.,0.));
#3717=DIRECTION('',(0.,0.,1.));
#3718=DIRECTION('',(0.,1.,0.));
#3719=DIRECTION('',(0.,0.,-1.));
#3720=DIRECTION('',(0.,1.,0.));
#3721=DIRECTION('',(0.,0.,1.));
#3722=DIRECTION('',(1.,0.,0.));
#3723=DIRECTION('',(-1.,0.,0.));
#3724=DIRECTION('',(0.,0.,1.));
#3725=DIRECTION('',(0.,0.,-1.));
#3726=DIRECTION('',(0.,1.,0.));
#3727=DIRECTION('',(0.,0.,-1.));
#3728=DIRECTION('',(0.,1.,0.));
#3729=DIRECTION('',(0.,0.,1.));
#3730=DIRECTION('',(1.,0.,0.));
#3731=DIRECTION('',(0.,0.,-1.));
#3732=DIRECTION('',(-1.,0.,0.));
#3733=DIRECTION('',(0.,0.,1.));
#3734=DIRECTION('',(0.,1.,0.));
#3735=DIRECTION('',(0.,0.,-1.));
#3736=DIRECTION('',(0.,1.,0.));
#3737=DIRECTION('',(0.,0.,1.));
#3738=DIRECTION('',(1.,0.,0.));
#3739=DIRECTION('',(0.,0.,1.));
#3740=DIRECTION('',(1.,0.,0.));
#3741=DIRECTION('',(-1.,0.,0.));
#3742=DIRECTION('',(0.,0.,1.));
#3743=DIRECTION('',(0.,0.,-1.));
#3744=DIRECTION('',(0.,1.,0.));
#3745=DIRECTION('',(0.,0.,-1.));
#3746=DIRECTION('',(0.,1.,0.));
#3747=DIRECTION('',(0.,0.,1.));
#3748=DIRECTION('',(1.,0.,0.));
#3749=DIRECTION('',(0.,0.,-1.));
#3750=DIRECTION('',(-1.,0.,0.));
#3751=DIRECTION('',(0.,0.,1.));
#3752=DIRECTION('',(0.,1.,0.));
#3753=DIRECTION('',(0.,0.,-1.));
#3754=DIRECTION('',(0.,1.,0.));
#3755=DIRECTION('',(0.,0.,1.));
#3756=DIRECTION('',(1.,0.,0.));
#3757=DIRECTION('',(-1.,0.,0.));
#3758=DIRECTION('',(0.,0.,1.));
#3759=DIRECTION('',(0.,0.,-1.));
#3760=DIRECTION('',(0.,1.,0.));
#3761=DIRECTION('',(0.,0.,-1.));
#3762=DIRECTION('',(0.,1.,0.));
#3763=DIRECTION('',(0.,0.,1.));
#3764=DIRECTION('',(1.,0.,0.));
#3765=DIRECTION('',(0.,0.,-1.));
#3766=DIRECTION('',(-1.,0.,0.));
#3767=DIRECTION('',(0.,0.,1.));
#3768=DIRECTION('',(0.,1.,0.));
#3769=DIRECTION('',(0.,0.,-1.));
#3770=DIRECTION('',(0.,1.,0.));
#3771=DIRECTION('',(0.,0.,1.));
#3772=DIRECTION('',(1.,0.,0.));
#3773=DIRECTION('',(0.,0.,1.));
#3774=DIRECTION('',(1.,0.,0.));
#3775=DIRECTION('',(-1.,0.,0.));
#3776=DIRECTION('',(0.,0.,1.));
#3777=DIRECTION('',(0.,0.,-1.));
#3778=DIRECTION('',(0.,1.,0.));
#3779=DIRECTION('',(0.,0.,-1.));
#3780=DIRECTION('',(0.,1.,0.));
#3781=DIRECTION('',(0.,0.,1.));
#3782=DIRECTION('',(1.,0.,0.));
#3783=DIRECTION('',(0.,0.,-1.));
#3784=DIRECTION('',(-1.,0.,0.));
#3785=DIRECTION('',(0.,0.,1.));
#3786=DIRECTION('',(0.,1.,0.));
#3787=DIRECTION('',(0.,0.,-1.));
#3788=DIRECTION('',(0.,1.,0.));
#3789=DIRECTION('',(0.,0.,1.));
#3790=DIRECTION('',(1.,0.,0.));
#3791=DIRECTION('',(-1.,0.,0.));
#3792=DIRECTION('',(0.,0.,1.));
#3793=DIRECTION('',(0.,0.,-1.));
#3794=DIRECTION('',(0.,1.,0.));
#3795=DIRECTION('',(0.,0.,-1.));
#3796=DIRECTION('',(0.,1.,0.));
#3797=DIRECTION('',(0.,0.,1.));
#3798=DIRECTION('',(1.,0.,0.));
#3799=DIRECTION('',(0.,0.,-1.));
#3800=DIRECTION('',(-1.,0.,0.));
#3801=DIRECTION('',(0.,0.,1.));
#3802=DIRECTION('',(0.,1.,0.));
#3803=DIRECTION('',(0.,0.,-1.));
#3804=DIRECTION('',(0.,1.,0.));
#3805=DIRECTION('',(0.,0.,1.));
#3806=DIRECTION('',(1.,0.,0.));
#3807=DIRECTION('',(0.,0.,1.));
#3808=DIRECTION('',(1.,0.,0.));
#3809=DIRECTION('',(-1.,0.,0.));
#3810=DIRECTION('',(0.,0.,1.));
#3811=DIRECTION('',(0.,0.,-1.));
#3812=DIRECTION('',(0.,1.,0.));
#3813=DIRECTION('',(0.,0.,-1.));
#3814=DIRECTION('',(0.,1.,0.));
#3815=DIRECTION('',(0.,0.,1.));
#3816=DIRECTION('',(1.,0.,0.));
#3817=DIRECTION('',(0.,0.,-1.));
#3818=DIRECTION('',(-1.,0.,0.));
#3819=DIRECTION('',(0.,0.,1.));
#3820=DIRECTION('',(0.,1.,0.));
#3821=DIRECTION('',(0.,0.,-1.));
#3822=DIRECTION('',(0.,1.,0.));
#3823=DIRECTION('',(0.,0.,1.));
#3824=DIRECTION('',(1.,0.,0.));
#3825=DIRECTION('',(-1.,0.,0.));
#3826=DIRECTION('',(0.,0.,1.));
#3827=DIRECTION('',(0.,0.,-1.));
#3828=DIRECTION('',(0.,1.,0.));
#3829=DIRECTION('',(0.,0.,-1.));
#3830=DIRECTION('',(0.,1.,0.));
#3831=DIRECTION('',(0.,0.,1.));
#3832=DIRECTION('',(1.,0.,0.));
#3833=DIRECTION('',(0.,0.,-1.));
#3834=DIRECTION('',(-1.,0.,0.));
#3835=DIRECTION('',(0.,0.,1.));
#3836=DIRECTION('',(0.,1.,0.));
#3837=DIRECTION('',(0.,0.,-1.));
#3838=DIRECTION('',(0.,1.,0.));
#3839=DIRECTION('',(0.,0.,1.));
#3840=DIRECTION('',(1.,0.,0.));
#3841=DIRECTION('',(0.,0.,1.));
#3842=DIRECTION('',(1.,0.,0.));
#3843=DIRECTION('',(-1.,0.,0.));
#3844=DIRECTION('',(0.,0.,1.));
#3845=DIRECTION('',(0.,0.,-1.));
#3846=DIRECTION('',(0.,1.,0.));
#3847=DIRECTION('',(0.,0.,-1.));
#3848=DIRECTION('',(0.,1.,0.));
#3849=DIRECTION('',(0.,0.,1.));
#3850=DIRECTION('',(1.,0.,0.));
#3851=DIRECTION('',(0.,0.,-1.));
#3852=DIRECTION('',(-1.,0.,0.));
#3853=DIRECTION('',(0.,0.,1.));
#3854=DIRECTION('',(0.,1.,0.));
#3855=DIRECTION('',(0.,0.,-1.));
#3856=DIRECTION('',(0.,1.,0.));
#3857=DIRECTION('',(0.,0.,1.));
#3858=DIRECTION('',(1.,0.,0.));
#3859=DIRECTION('',(-1.,0.,0.));
#3860=DIRECTION('',(0.,0.,1.));
#3861=DIRECTION('',(0.,0.,-1.));
#3862=DIRECTION('',(0.,1.,0.));
#3863=DIRECTION('',(0.,0.,-1.));
#3864=DIRECTION('',(0.,1.,0.));
#3865=DIRECTION('',(0.,0.,1.));
#3866=DIRECTION('',(1.,0.,0.));
#3867=DIRECTION('',(0.,0.,-1.));
#3868=DIRECTION('',(-1.,0.,0.));
#3869=DIRECTION('',(0.,0.,1.));
#3870=DIRECTION('',(0.,1.,0.));
#3871=DIRECTION('',(0.,0.,-1.));
#3872=DIRECTION('',(0.,1.,0.));
#3873=DIRECTION('',(0.,0.,1.));
#3874=DIRECTION('',(1.,0.,0.));
#3875=DIRECTION('',(0.,0.,1.));
#3876=DIRECTION('',(1.,0.,0.));
#3877=DIRECTION('',(-1.,0.,0.));
#3878=DIRECTION('',(0.,0.,1.));
#3879=DIRECTION('',(0.,0.,-1.));
#3880=DIRECTION('',(0.,1.,0.));
#3881=DIRECTION('',(0.,0.,-1.));
#3882=DIRECTION('',(0.,1.,0.));
#3883=DIRECTION('',(0.,0.,1.));
#3884=DIRECTION('',(1.,0.,0.));
#3885=DIRECTION('',(0.,0.,-1.));
#3886=DIRECTION('',(-1.,0.,0.));
#3887=DIRECTION('',(0.,0.,1.));
#3888=DIRECTION('',(0.,1.,0.));
#3889=DIRECTION('',(0.,0.,-1.));
#3890=DIRECTION('',(0.,1.,0.));
#3891=DIRECTION('',(0.,0.,1.));
#3892=DIRECTION('',(1.,0.,0.));
#3893=DIRECTION('',(-1.,0.,0.));
#3894=DIRECTION('',(0.,0.,1.));
#3895=DIRECTION('',(0.,0.,-1.));
#3896=DIRECTION('',(0.,1.,0.));
#3897=DIRECTION('',(0.,0.,-1.));
#3898=DIRECTION('',(0.,1.,0.));
#3899=DIRECTION('',(0.,0.,1.));
#3900=DIRECTION('',(1.,0.,0.));
#3901=DIRECTION('',(0.,0.,-1.));
#3902=DIRECTION('',(-1.,0.,0.));
#3903=DIRECTION('',(0.,0.,1.));
#3904=DIRECTION('',(0.,1.,0.));
#3905=DIRECTION('',(0.,0.,-1.));
#3906=DIRECTION('',(0.,1.,0.));
#3907=DIRECTION('',(0.,0.,1.));
#3908=DIRECTION('',(1.,0.,0.));
#3909=DIRECTION('',(0.,0.,1.));
#3910=DIRECTION('',(1.,0.,0.));
#3911=DIRECTION('',(-1.,0.,0.));
#3912=DIRECTION('',(0.,0.,1.));
#3913=DIRECTION('',(0.,0.,-1.));
#3914=DIRECTION('',(0.,1.,0.));
#3915=DIRECTION('',(0.,0.,-1.));
#3916=DIRECTION('',(0.,1.,0.));
#3917=DIRECTION('',(0.,0.,1.));
#3918=DIRECTION('',(1.,0.,0.));
#3919=DIRECTION('',(0.,0.,-1.));
#3920=DIRECTION('',(-1.,0.,0.));
#3921=DIRECTION('',(0.,0.,1.));
#3922=DIRECTION('',(0.,1.,0.));
#3923=DIRECTION('',(0.,0.,-1.));
#3924=DIRECTION('',(0.,1.,0.));
#3925=DIRECTION('',(0.,0.,1.));
#3926=DIRECTION('',(1.,0.,0.));
#3927=DIRECTION('',(0.,0.,1.));
#3928=DIRECTION('',(1.,0.,0.));
#3929=DIRECTION('',(0.,-1.,0.));
#3930=DIRECTION('',(0.,0.,1.));
#3931=DIRECTION('',(1.,0.,0.));
#3932=DIRECTION('',(-1.,0.,0.));
#3933=DIRECTION('',(0.,0.,1.));
#3934=DIRECTION('',(1.,0.,0.));
#3935=DIRECTION('',(0.,-1.,0.));
#3936=DIRECTION('',(0.,0.,1.));
#3937=DIRECTION('',(1.,0.,0.));
#3938=DIRECTION('',(-1.,0.,0.));
#3939=DIRECTION('',(0.,0.,1.));
#3940=DIRECTION('',(1.,0.,0.));
#3941=DIRECTION('',(0.,1.,0.));
#3942=DIRECTION('',(0.,0.,1.));
#3943=DIRECTION('',(0.,0.,-1.));
#3944=DIRECTION('',(0.,0.,-1.));
#3945=DIRECTION('',(0.,1.,0.));
#3946=DIRECTION('',(0.,0.,1.));
#3947=DIRECTION('',(0.,0.,-1.));
#3948=DIRECTION('',(0.,0.,-1.));
#3949=DIRECTION('',(-1.,0.,0.));
#3950=DIRECTION('',(0.,0.,1.));
#3951=DIRECTION('',(0.,0.,-1.));
#3952=DIRECTION('',(0.,0.,-1.));
#3953=DIRECTION('',(0.,0.,-1.));
#3954=DIRECTION('',(-1.,0.,0.));
#3955=DIRECTION('',(0.,0.,-1.));
#3956=DIRECTION('',(-1.,0.,0.));
#3957=DIRECTION('',(0.,0.,-1.));
#3958=DIRECTION('',(-1.,0.,0.));
#3959=DIRECTION('',(0.,0.,-1.));
#3960=DIRECTION('',(-1.,0.,0.));
#3961=DIRECTION('',(0.,0.,1.));
#3962=DIRECTION('',(0.,0.,-1.));
#3963=DIRECTION('',(0.,0.,-1.));
#3964=DIRECTION('',(-1.,0.,0.));
#3965=DIRECTION('',(-1.,0.,0.));
#3966=DIRECTION('',(0.,0.,1.));
#3967=DIRECTION('',(-1.,0.,0.));
#3968=DIRECTION('',(0.,0.,1.));
#3969=DIRECTION('',(0.,0.,-1.));
#3970=DIRECTION('',(-1.,0.,0.));
#3971=DIRECTION('',(0.,0.,1.));
#3972=DIRECTION('',(1.,0.,0.));
#3973=DIRECTION('',(0.,0.,1.));
#3974=DIRECTION('',(1.,0.,0.));
#3975=DIRECTION('',(0.,0.,1.));
#3976=DIRECTION('',(1.,0.,0.));
#3977=DIRECTION('',(0.,0.,-1.));
#3978=DIRECTION('',(-1.,0.,0.));
#3979=DIRECTION('',(0.,0.,1.));
#3980=DIRECTION('',(1.,0.,0.));
#3981=DIRECTION('',(0.,0.,1.));
#3982=DIRECTION('',(1.,0.,0.));
#3983=DIRECTION('',(0.,0.,-1.));
#3984=DIRECTION('',(-1.,0.,0.));
#3985=DIRECTION('',(0.,0.,1.));
#3986=DIRECTION('',(1.,0.,0.));
#3987=DIRECTION('',(0.,0.,1.));
#3988=DIRECTION('',(1.,0.,0.));
#3989=DIRECTION('',(0.,0.,1.));
#3990=DIRECTION('',(1.,0.,0.));
#3991=DIRECTION('',(0.,0.,-1.));
#3992=DIRECTION('',(-1.,0.,0.));
#3993=DIRECTION('',(0.,0.,1.));
#3994=DIRECTION('',(1.,0.,0.));
#3995=DIRECTION('',(0.,0.,1.));
#3996=DIRECTION('',(1.,0.,0.));
#3997=DIRECTION('',(0.,0.,1.));
#3998=DIRECTION('',(1.,0.,0.));
#3999=DIRECTION('',(0.,1.,0.));
#4000=DIRECTION('',(0.,0.,1.));
#4001=DIRECTION('',(1.,0.,0.));
#4002=DIRECTION('',(0.,0.,-1.));
#4003=DIRECTION('',(1.,0.,0.));
#4004=DIRECTION('',(0.,0.,-1.));
#4005=DIRECTION('',(0.,1.,0.));
#4006=DIRECTION('',(0.,0.,1.));
#4007=DIRECTION('',(1.,0.,0.));
#4008=DIRECTION('',(0.,0.,-1.));
#4009=DIRECTION('',(1.,0.,0.));
#4010=DIRECTION('',(0.,0.,-1.));
#4011=DIRECTION('',(0.,0.,1.));
#4012=DIRECTION('',(1.,0.,0.));
#4013=DIRECTION('',(0.,0.,1.));
#4014=DIRECTION('',(1.,0.,0.));
#4015=DIRECTION('',(0.,0.,1.));
#4016=DIRECTION('',(1.,0.,0.));
#4017=DIRECTION('',(0.,0.,1.));
#4018=DIRECTION('',(1.,0.,0.));
#4019=DIRECTION('',(0.,1.,0.));
#4020=DIRECTION('',(0.,0.,1.));
#4021=DIRECTION('',(1.,0.,0.));
#4022=DIRECTION('',(0.,0.,1.));
#4023=DIRECTION('',(1.,0.,0.));
#4024=DIRECTION('',(0.,1.,0.));
#4025=DIRECTION('',(0.,0.,1.));
#4026=DIRECTION('',(1.,0.,0.));
#4027=DIRECTION('',(0.,0.,1.));
#4028=DIRECTION('',(1.,0.,0.));
#4029=DIRECTION('',(0.,0.,1.));
#4030=DIRECTION('',(1.,0.,0.));
#4031=DIRECTION('',(0.,0.,1.));
#4032=DIRECTION('',(1.,0.,0.));
#4033=DIRECTION('',(0.,0.,1.));
#4034=DIRECTION('',(1.,0.,0.));
#4035=DIRECTION('',(0.,1.,0.));
#4036=DIRECTION('',(0.,0.,1.));
#4037=DIRECTION('',(1.,0.,0.));
#4038=DIRECTION('',(0.,0.,1.));
#4039=DIRECTION('',(1.,0.,0.));
#4040=DIRECTION('',(0.,1.,0.));
#4041=DIRECTION('',(0.,0.,1.));
#4042=DIRECTION('',(1.,0.,0.));
#4043=DIRECTION('',(-1.,0.,0.));
#4044=DIRECTION('',(0.,0.,1.));
#4045=DIRECTION('',(0.,0.,-1.));
#4046=DIRECTION('',(0.,0.,-1.));
#4047=DIRECTION('',(0.,0.,-1.));
#4048=DIRECTION('',(-1.,0.,0.));
#4049=DIRECTION('',(0.,0.,-1.));
#4050=DIRECTION('',(-1.,0.,0.));
#4051=DIRECTION('',(0.,0.,-1.));
#4052=DIRECTION('',(-1.,0.,0.));
#4053=DIRECTION('',(0.,0.,-1.));
#4054=DIRECTION('',(-1.,0.,0.));
#4055=DIRECTION('',(0.,0.,1.));
#4056=DIRECTION('',(0.,0.,-1.));
#4057=DIRECTION('',(0.,0.,-1.));
#4058=DIRECTION('',(-1.,0.,0.));
#4059=DIRECTION('',(0.,0.,-1.));
#4060=DIRECTION('',(-1.,0.,0.));
#4061=DIRECTION('',(0.,0.,-1.));
#4062=DIRECTION('',(-1.,0.,0.));
#4063=DIRECTION('',(0.,0.,1.));
#4064=DIRECTION('',(1.,0.,0.));
#4065=DIRECTION('',(-1.,0.,0.));
#4066=DIRECTION('',(0.,0.,1.));
#4067=DIRECTION('',(0.,-1.,0.));
#4068=DIRECTION('',(0.,0.,-1.));
#4069=DIRECTION('',(0.,1.,0.));
#4070=DIRECTION('',(0.,0.,-1.));
#4071=DIRECTION('',(0.,1.,0.));
#4072=DIRECTION('',(0.,0.,1.));
#4073=DIRECTION('',(0.,0.,-1.));
#4074=DIRECTION('',(-1.,0.,0.));
#4075=DIRECTION('',(0.,0.,1.));
#4076=DIRECTION('',(1.,0.,0.));
#4077=DIRECTION('',(0.,0.,1.));
#4078=DIRECTION('',(-1.,0.,0.));
#4079=DIRECTION('',(0.,0.,-1.));
#4080=DIRECTION('',(1.,0.,0.));
#4081=DIRECTION('',(0.,1.,0.));
#4082=DIRECTION('',(0.,0.,1.));
#4083=DIRECTION('',(-1.,0.,0.));
#4084=DIRECTION('',(0.,0.,-1.));
#4085=DIRECTION('',(1.,0.,0.));
#4086=DIRECTION('',(0.,0.,-1.));
#4087=DIRECTION('',(-1.,0.,0.));
#4088=DIRECTION('',(0.,0.,1.));
#4089=DIRECTION('',(0.,0.,-1.));
#4090=DIRECTION('',(0.,-1.,0.));
#4091=DIRECTION('',(0.,0.,-1.));
#4092=DIRECTION('',(0.,1.,0.));
#4093=DIRECTION('',(0.,1.,0.));
#4094=DIRECTION('',(0.,0.,1.));
#4095=DIRECTION('',(1.,0.,0.));
#4096=DIRECTION('',(0.,0.,-1.));
#4097=DIRECTION('',(1.,0.,0.));
#4098=DIRECTION('',(0.,0.,-1.));
#4099=DIRECTION('',(0.,1.,0.));
#4100=DIRECTION('',(0.,0.,1.));
#4101=DIRECTION('',(0.,0.,1.));
#4102=DIRECTION('',(1.,0.,0.));
#4103=DIRECTION('',(0.,0.,1.));
#4104=DIRECTION('',(1.,0.,0.));
#4105=DIRECTION('',(0.,0.,-1.));
#4106=DIRECTION('',(1.,0.,0.));
#4107=DIRECTION('',(0.,0.,-1.));
#4108=DIRECTION('',(1.,0.,0.));
#4109=DIRECTION('',(0.,0.,1.));
#4110=DIRECTION('',(1.,0.,0.));
#4111=DIRECTION('',(0.,0.,1.));
#4112=DIRECTION('',(1.,0.,0.));
#4113=DIRECTION('',(0.,0.,1.));
#4114=DIRECTION('',(1.,0.,0.));
#4115=DIRECTION('',(0.,0.,1.));
#4116=DIRECTION('',(1.,0.,0.));
#4117=DIRECTION('',(0.,0.,1.));
#4118=DIRECTION('',(1.,0.,0.));
#4119=DIRECTION('',(0.,0.,1.));
#4120=DIRECTION('',(1.,0.,0.));
#4121=DIRECTION('',(0.,-1.,0.));
#4122=DIRECTION('',(0.,0.,1.));
#4123=DIRECTION('',(1.,0.,0.));
#4124=DIRECTION('',(0.,1.,0.));
#4125=DIRECTION('',(0.,0.,1.));
#4126=DIRECTION('',(1.,-1.7347234759768E-16,0.));
#4127=DIRECTION('',(0.,0.,1.));
#4128=DIRECTION('',(1.,-1.7347234759768E-16,0.));
#4129=DIRECTION('',(0.,1.,0.));
#4130=DIRECTION('',(0.,0.,1.));
#4131=DIRECTION('',(1.,0.,0.));
#4132=DIRECTION('',(0.,-1.,0.));
#4133=DIRECTION('',(0.,0.,1.));
#4134=DIRECTION('',(1.,0.,0.));
#4135=DIRECTION('',(0.,0.,1.));
#4136=DIRECTION('',(1.,0.,0.));
#4137=DIRECTION('',(0.,0.,1.));
#4138=DIRECTION('',(1.,0.,0.));
#4139=DIRECTION('',(0.,0.,1.));
#4140=DIRECTION('',(1.,0.,0.));
#4141=DIRECTION('',(0.,0.,1.));
#4142=DIRECTION('',(1.,0.,0.));
#4143=DIRECTION('',(0.,0.,1.));
#4144=DIRECTION('',(1.,0.,0.));
#4145=DIRECTION('',(0.,0.,1.));
#4146=DIRECTION('',(1.,0.,0.));
#4147=DIRECTION('',(0.,0.,1.));
#4148=DIRECTION('',(1.,0.,0.));
#4149=DIRECTION('',(0.,0.,1.));
#4150=DIRECTION('',(1.,0.,0.));
#4151=DIRECTION('',(0.,1.,0.));
#4152=DIRECTION('',(0.,0.,1.));
#4153=DIRECTION('',(1.,-1.7347234759768E-16,0.));
#4154=DIRECTION('',(0.,0.,1.));
#4155=DIRECTION('',(1.,-1.7347234759768E-16,0.));
#4156=DIRECTION('',(0.,1.,0.));
#4157=DIRECTION('',(0.,0.,1.));
#4158=DIRECTION('',(1.,0.,0.));
#4159=DIRECTION('',(-1.,0.,0.));
#4160=DIRECTION('',(0.,0.,1.));
#4161=DIRECTION('',(0.,0.,-1.));
#4162=DIRECTION('',(0.,0.,-1.));
#4163=DIRECTION('',(0.,0.,-1.));
#4164=DIRECTION('',(-1.,0.,0.));
#4165=DIRECTION('',(0.,0.,-1.));
#4166=DIRECTION('',(-1.,0.,0.));
#4167=DIRECTION('',(0.,0.,-1.));
#4168=DIRECTION('',(-1.,0.,0.));
#4169=DIRECTION('',(0.,0.,-1.));
#4170=DIRECTION('',(-1.,0.,0.));
#4171=DIRECTION('',(0.,0.,1.));
#4172=DIRECTION('',(0.,0.,-1.));
#4173=DIRECTION('',(0.,0.,-1.));
#4174=DIRECTION('',(-1.,0.,0.));
#4175=DIRECTION('',(0.,0.,1.));
#4176=DIRECTION('',(1.,0.,0.));
#4177=DIRECTION('',(0.,0.,1.));
#4178=DIRECTION('',(1.,0.,0.));
#4179=DIRECTION('',(0.,0.,1.));
#4180=DIRECTION('',(1.,0.,0.));
#4181=DIRECTION('',(0.,0.,1.));
#4182=DIRECTION('',(1.,0.,0.));
#4183=DIRECTION('',(0.,0.,1.));
#4184=DIRECTION('',(1.,0.,0.));
#4185=DIRECTION('',(0.,0.,1.));
#4186=DIRECTION('',(1.,0.,0.));
#4187=DIRECTION('',(0.,1.,0.));
#4188=DIRECTION('',(0.,1.,0.));
#4189=DIRECTION('',(-1.,0.,0.));
#4190=DIRECTION('',(0.,0.,1.));
#4191=DIRECTION('',(-1.,0.,0.));
#4192=DIRECTION('',(0.,0.,1.));
#4193=DIRECTION('',(0.,0.,-1.));
#4194=DIRECTION('',(-1.,0.,0.));
#4195=DIRECTION('',(0.,0.,-1.));
#4196=DIRECTION('',(-1.,0.,0.));
#4197=DIRECTION('',(0.,0.,1.));
#4198=DIRECTION('',(1.,0.,0.));
#4199=DIRECTION('',(0.,0.,1.));
#4200=DIRECTION('',(1.,0.,0.));
#4201=DIRECTION('',(0.,0.,1.));
#4202=DIRECTION('',(1.,0.,0.));
#4203=DIRECTION('',(0.,0.,1.));
#4204=DIRECTION('',(1.,0.,0.));
#4205=DIRECTION('',(0.,0.,1.));
#4206=DIRECTION('',(1.,0.,0.));
#4207=DIRECTION('',(0.,0.,-1.));
#4208=DIRECTION('',(-1.,0.,0.));
#4209=DIRECTION('',(0.,0.,-1.));
#4210=DIRECTION('',(-1.,0.,0.));
#4211=DIRECTION('',(0.,0.,-1.));
#4212=DIRECTION('',(-1.,0.,0.));
#4213=DIRECTION('',(0.,0.,1.));
#4214=DIRECTION('',(1.,0.,0.));
#4215=DIRECTION('',(0.,0.,1.));
#4216=DIRECTION('',(1.,0.,0.));
#4217=DIRECTION('',(0.,0.,1.));
#4218=DIRECTION('',(1.,0.,0.));
#4219=DIRECTION('',(0.,0.,1.));
#4220=DIRECTION('',(1.,0.,0.));
#4221=DIRECTION('',(0.,0.,1.));
#4222=DIRECTION('',(1.,0.,0.));
#4223=DIRECTION('',(0.,0.,-1.));
#4224=DIRECTION('',(-1.,0.,0.));
#4225=DIRECTION('',(0.,0.,-1.));
#4226=DIRECTION('',(-1.,0.,0.));
#4227=DIRECTION('',(0.,0.,-1.));
#4228=DIRECTION('',(-1.,0.,0.));
#4229=DIRECTION('',(0.,0.,1.));
#4230=DIRECTION('',(1.,0.,0.));
#4231=DIRECTION('',(0.,0.,1.));
#4232=DIRECTION('',(1.,0.,0.));
#4233=DIRECTION('',(0.,0.,1.));
#4234=DIRECTION('',(1.,0.,0.));
#4235=DIRECTION('',(0.,0.,1.));
#4236=DIRECTION('',(1.,0.,0.));
#4237=DIRECTION('',(0.,0.,1.));
#4238=DIRECTION('',(1.,0.,0.));
#4239=DIRECTION('',(0.,0.,-1.));
#4240=DIRECTION('',(-1.,0.,0.));
#4241=DIRECTION('',(0.,0.,-1.));
#4242=DIRECTION('',(-1.,0.,0.));
#4243=DIRECTION('',(0.,0.,-1.));
#4244=DIRECTION('',(-1.,0.,0.));
#4245=DIRECTION('',(0.,0.,1.));
#4246=DIRECTION('',(1.,0.,0.));
#4247=DIRECTION('',(0.,0.,1.));
#4248=DIRECTION('',(1.,0.,0.));
#4249=DIRECTION('',(0.,0.,1.));
#4250=DIRECTION('',(1.,0.,0.));
#4251=DIRECTION('',(0.,0.,1.));
#4252=DIRECTION('',(1.,0.,0.));
#4253=DIRECTION('',(0.,0.,1.));
#4254=DIRECTION('',(1.,0.,0.));
#4255=DIRECTION('',(0.,0.,-1.));
#4256=DIRECTION('',(-1.,0.,0.));
#4257=DIRECTION('',(0.,0.,-1.));
#4258=DIRECTION('',(-1.,0.,0.));
#4259=DIRECTION('',(0.,0.,1.));
#4260=DIRECTION('',(1.,0.,0.));
#4261=DIRECTION('',(0.,0.,1.));
#4262=DIRECTION('',(1.,0.,0.));
#4263=DIRECTION('',(0.,0.,-1.));
#4264=DIRECTION('',(-1.,0.,0.));
#4265=DIRECTION('',(0.,0.,1.));
#4266=DIRECTION('',(1.,0.,0.));
#4267=DIRECTION('',(0.,0.,1.));
#4268=DIRECTION('',(1.,0.,0.));
#4269=DIRECTION('',(0.,0.,-1.));
#4270=DIRECTION('',(-1.,0.,0.));
#4271=DIRECTION('',(0.,0.,1.));
#4272=DIRECTION('',(1.,0.,0.));
#4273=DIRECTION('',(0.,0.,1.));
#4274=DIRECTION('',(1.,0.,0.));
#4275=DIRECTION('',(0.,0.,-1.));
#4276=DIRECTION('',(-1.,0.,0.));
#4277=DIRECTION('',(0.,0.,1.));
#4278=DIRECTION('',(1.,0.,0.));
#4279=DIRECTION('',(0.,0.,1.));
#4280=DIRECTION('',(1.,0.,0.));
#4281=CARTESIAN_POINT('',(0.,0.,0.));
#4282=CARTESIAN_POINT('',(0.038,0.0747,0.0231));
#4283=CARTESIAN_POINT('',(0.038,0.0747,0.0212));
#4284=CARTESIAN_POINT('',(0.046,0.0747,0.0212));
#4285=CARTESIAN_POINT('',(0.0659222912360003,0.0747,0.0212));
#4286=CARTESIAN_POINT('',(0.046,0.0747,0.0231));
#4287=CARTESIAN_POINT('',(0.046,0.0747,0.023));
#4288=CARTESIAN_POINT('',(0.038,0.0747,0.023));
#4289=CARTESIAN_POINT('',(0.0659222912360003,0.0747,0.023));
#4290=CARTESIAN_POINT('',(0.0659222912360003,0.0747,0.023));
#4291=CARTESIAN_POINT('',(0.038,0.0723,0.0232));
#4292=CARTESIAN_POINT('',(0.046,0.0723,0.0232));
#4293=CARTESIAN_POINT('',(0.046,0.0723,0.0212));
#4294=CARTESIAN_POINT('',(0.046,0.0723,0.023));
#4295=CARTESIAN_POINT('',(0.038,0.0723,0.0212));
#4296=CARTESIAN_POINT('',(0.0647671361735203,0.0723,0.0212));
#4297=CARTESIAN_POINT('',(0.0647671361735203,0.0723,0.023));
#4298=CARTESIAN_POINT('',(0.0647671361735203,0.0723,0.023));
#4299=CARTESIAN_POINT('',(0.038,0.0723,0.023));
#4300=CARTESIAN_POINT('',(0.038,0.039,0.0212));
#4301=CARTESIAN_POINT('',(0.046,0.039,0.0212));
#4302=CARTESIAN_POINT('',(0.0695,0.0715,0.0212));
#4303=CARTESIAN_POINT('',(0.0695,0.0715,0.0261));
#4304=CARTESIAN_POINT('',(0.0695,0.0715,0.023));
#4305=CARTESIAN_POINT('',(0.0712,0.0715,0.023));
#4306=CARTESIAN_POINT('',(0.0695,0.0715,0.0245));
#4307=CARTESIAN_POINT('',(0.0712,0.0715,0.0245));
#4308=CARTESIAN_POINT('',(0.0727,0.039,0.0231));
#4309=CARTESIAN_POINT('',(0.0727,0.0679222912360003,0.023));
#4310=CARTESIAN_POINT('',(0.0727,0.0679222912360003,0.023));
#4311=CARTESIAN_POINT('',(0.0727,0.0679222912360003,0.0212));
#4312=CARTESIAN_POINT('',(0.0727,0.039,0.023));
#4313=CARTESIAN_POINT('',(0.0727,0.0100777087639997,0.023));
#4314=CARTESIAN_POINT('',(0.0727,0.0100777087639997,0.023));
#4315=CARTESIAN_POINT('',(0.0727,0.0100777087639997,0.0212));
#4316=CARTESIAN_POINT('',(0.0727,0.039,0.0212));
#4317=CARTESIAN_POINT('',(0.0703,0.039,0.0232));
#4318=CARTESIAN_POINT('',(0.0703,0.039,0.023));
#4319=CARTESIAN_POINT('',(0.0703,0.0667671361735203,0.023));
#4320=CARTESIAN_POINT('',(0.0703,0.0112328638264797,0.023));
#4321=CARTESIAN_POINT('',(0.0703,0.0667671361735203,0.023));
#4322=CARTESIAN_POINT('',(0.0703,0.0667671361735203,0.0212));
#4323=CARTESIAN_POINT('',(0.0703,0.039,0.0212));
#4324=CARTESIAN_POINT('',(0.0703,0.0112328638264797,0.0212));
#4325=CARTESIAN_POINT('',(0.0703,0.0112328638264797,0.023));
#4326=CARTESIAN_POINT('',(0.038,0.0747,0.0231));
#4327=CARTESIAN_POINT('',(0.03,0.0747,0.0231));
#4328=CARTESIAN_POINT('',(0.03,0.0747,0.0212));
#4329=CARTESIAN_POINT('',(0.03,0.0747,0.023));
#4330=CARTESIAN_POINT('',(0.038,0.0747,0.0212));
#4331=CARTESIAN_POINT('',(0.0100777087639997,0.0747,0.0212));
#4332=CARTESIAN_POINT('',(0.0100777087639997,0.0747,0.023));
#4333=CARTESIAN_POINT('',(0.0100777087639997,0.0747,0.023));
#4334=CARTESIAN_POINT('',(0.038,0.0747,0.023));
#4335=CARTESIAN_POINT('',(0.038,0.0723,0.0232));
#4336=CARTESIAN_POINT('',(0.038,0.0723,0.0212));
#4337=CARTESIAN_POINT('',(0.03,0.0723,0.0212));
#4338=CARTESIAN_POINT('',(0.0112328638264797,0.0723,0.0212));
#4339=CARTESIAN_POINT('',(0.03,0.0723,0.0232));
#4340=CARTESIAN_POINT('',(0.03,0.0723,0.023));
#4341=CARTESIAN_POINT('',(0.038,0.0723,0.023));
#4342=CARTESIAN_POINT('',(0.0112328638264797,0.0723,0.023));
#4343=CARTESIAN_POINT('',(0.0112328638264797,0.0723,0.023));
#4344=CARTESIAN_POINT('',(0.038,0.039,0.0212));
#4345=CARTESIAN_POINT('',(0.0695,0.0715,0.0212));
#4346=CARTESIAN_POINT('',(0.0695,0.0065,0.0212));
#4347=CARTESIAN_POINT('',(0.0695,0.0065,0.0261));
#4348=CARTESIAN_POINT('',(0.0695,0.0065,0.023));
#4349=CARTESIAN_POINT('',(0.0712,0.0065,0.023));
#4350=CARTESIAN_POINT('',(0.0695,0.0065,0.0245));
#4351=CARTESIAN_POINT('',(0.0712,0.0065,0.0245));
#4352=CARTESIAN_POINT('',(0.038,0.0033,0.0231));
#4353=CARTESIAN_POINT('',(0.0659222912360004,0.0033,0.023));
#4354=CARTESIAN_POINT('',(0.0659222912360004,0.0033,0.023));
#4355=CARTESIAN_POINT('',(0.0659222912360004,0.0033,0.0212));
#4356=CARTESIAN_POINT('',(0.038,0.0033,0.023));
#4357=CARTESIAN_POINT('',(0.0100777087639997,0.0033,0.023));
#4358=CARTESIAN_POINT('',(0.0100777087639997,0.0033,0.023));
#4359=CARTESIAN_POINT('',(0.0100777087639997,0.0033,0.0212));
#4360=CARTESIAN_POINT('',(0.038,0.0033,0.0212));
#4361=CARTESIAN_POINT('',(0.038,0.0057,0.0232));
#4362=CARTESIAN_POINT('',(0.038,0.0057,0.023));
#4363=CARTESIAN_POINT('',(0.0647671361735203,0.0057,0.023));
#4364=CARTESIAN_POINT('',(0.0112328638264797,0.0057,0.023));
#4365=CARTESIAN_POINT('',(0.0647671361735203,0.0057,0.023));
#4366=CARTESIAN_POINT('',(0.0647671361735203,0.0057,0.0212));
#4367=CARTESIAN_POINT('',(0.038,0.0057,0.0212));
#4368=CARTESIAN_POINT('',(0.0112328638264797,0.0057,0.0212));
#4369=CARTESIAN_POINT('',(0.0112328638264797,0.0057,0.023));
#4370=CARTESIAN_POINT('',(0.038,0.039,0.0212));
#4371=CARTESIAN_POINT('',(0.0695,0.0065,0.0212));
#4372=CARTESIAN_POINT('',(0.0065,0.0065,0.0212));
#4373=CARTESIAN_POINT('',(0.0065,0.0715,0.0261));
#4374=CARTESIAN_POINT('',(0.0065,0.0715,0.023));
#4375=CARTESIAN_POINT('',(0.0082,0.0715,0.023));
#4376=CARTESIAN_POINT('',(0.0065,0.0715,0.0245));
#4377=CARTESIAN_POINT('',(0.0082,0.0715,0.0245));
#4378=CARTESIAN_POINT('',(0.0033,0.039,0.0231));
#4379=CARTESIAN_POINT('',(0.0033,0.039,0.023));
#4380=CARTESIAN_POINT('',(0.0033,0.0679222912360004,0.023));
#4381=CARTESIAN_POINT('',(0.0033,0.0100777087639997,0.023));
#4382=CARTESIAN_POINT('',(0.0033,0.0679222912360003,0.023));
#4383=CARTESIAN_POINT('',(0.0033,0.0679222912360003,0.0212));
#4384=CARTESIAN_POINT('',(0.0033,0.039,0.0212));
#4385=CARTESIAN_POINT('',(0.0033,0.0100777087639997,0.0212));
#4386=CARTESIAN_POINT('',(0.0033,0.0100777087639997,0.023));
#4387=CARTESIAN_POINT('',(0.0057,0.039,0.0232));
#4388=CARTESIAN_POINT('',(0.0057,0.0667671361735203,0.023));
#4389=CARTESIAN_POINT('',(0.0057,0.0667671361735203,0.023));
#4390=CARTESIAN_POINT('',(0.0057,0.0667671361735203,0.0212));
#4391=CARTESIAN_POINT('',(0.0057,0.039,0.023));
#4392=CARTESIAN_POINT('',(0.0057,0.0112328638264797,0.023));
#4393=CARTESIAN_POINT('',(0.0057,0.0112328638264797,0.023));
#4394=CARTESIAN_POINT('',(0.0057,0.0112328638264797,0.0212));
#4395=CARTESIAN_POINT('',(0.0057,0.039,0.0212));
#4396=CARTESIAN_POINT('',(0.038,0.039,0.0212));
#4397=CARTESIAN_POINT('',(0.0065,0.0715,0.0212));
#4398=CARTESIAN_POINT('',(0.0065,0.0065,0.0212));
#4399=CARTESIAN_POINT('',(0.0065,0.0065,0.0261));
#4400=CARTESIAN_POINT('',(0.0065,0.0065,0.023));
#4401=CARTESIAN_POINT('',(0.0082,0.0065,0.023));
#4402=CARTESIAN_POINT('',(0.0065,0.0065,0.0245));
#4403=CARTESIAN_POINT('',(0.0082,0.0065,0.0245));
#4404=CARTESIAN_POINT('',(0.038,0.,0.026));
#4405=CARTESIAN_POINT('',(0.038,0.,0.023));
#4406=CARTESIAN_POINT('',(0.005,0.,0.023));
#4407=CARTESIAN_POINT('',(0.071,-3.46944695195361E-18,0.023));
#4408=CARTESIAN_POINT('',(0.071,0.,0.026));
#4409=CARTESIAN_POINT('',(0.071,-3.46944695195361E-18,0.026));
#4410=CARTESIAN_POINT('',(0.038,0.,0.026));
#4411=CARTESIAN_POINT('',(0.005,0.,0.026));
#4412=CARTESIAN_POINT('',(0.005,0.,0.026));
#4413=CARTESIAN_POINT('',(0.038,0.078,0.026));
#4414=CARTESIAN_POINT('',(0.038,0.078,0.023));
#4415=CARTESIAN_POINT('',(0.005,0.078,0.023));
#4416=CARTESIAN_POINT('',(0.071,0.078,0.023));
#4417=CARTESIAN_POINT('',(0.005,0.078,0.026));
#4418=CARTESIAN_POINT('',(0.005,0.078,0.026));
#4419=CARTESIAN_POINT('',(0.038,0.078,0.026));
#4420=CARTESIAN_POINT('',(0.071,0.078,0.026));
#4421=CARTESIAN_POINT('',(0.071,0.078,0.026));
#4422=CARTESIAN_POINT('',(0.038,0.039,0.026));
#4423=CARTESIAN_POINT('',(0.053,0.06475,0.026));
#4424=CARTESIAN_POINT('',(0.053,0.06575,0.026));
#4425=CARTESIAN_POINT('',(0.054,0.06475,0.026));
#4426=CARTESIAN_POINT('',(0.054,0.039,0.026));
#4427=CARTESIAN_POINT('',(0.054,0.05625,0.026));
#4428=CARTESIAN_POINT('',(0.053,0.05625,0.026));
#4429=CARTESIAN_POINT('',(0.053,0.05525,0.026));
#4430=CARTESIAN_POINT('',(0.038,0.05525,0.026));
#4431=CARTESIAN_POINT('',(0.023,0.05525,0.026));
#4432=CARTESIAN_POINT('',(0.023,0.05625,0.026));
#4433=CARTESIAN_POINT('',(0.022,0.05625,0.026));
#4434=CARTESIAN_POINT('',(0.022,0.039,0.026));
#4435=CARTESIAN_POINT('',(0.022,0.06475,0.026));
#4436=CARTESIAN_POINT('',(0.023,0.06475,0.026));
#4437=CARTESIAN_POINT('',(0.023,0.06575,0.026));
#4438=CARTESIAN_POINT('',(0.038,0.06575,0.026));
#4439=CARTESIAN_POINT('',(0.05,0.039,0.026));
#4440=CARTESIAN_POINT('',(0.05,0.0451,0.026));
#4441=CARTESIAN_POINT('',(0.05,0.031,0.026));
#4442=CARTESIAN_POINT('',(0.038,0.0451,0.026));
#4443=CARTESIAN_POINT('',(0.0641,0.0451,0.026));
#4444=CARTESIAN_POINT('',(0.0641,0.039,0.026));
#4445=CARTESIAN_POINT('',(0.0641,0.031,0.026));
#4446=CARTESIAN_POINT('',(0.038,0.031,0.026));
#4447=CARTESIAN_POINT('',(0.03095,0.039,0.026));
#4448=CARTESIAN_POINT('',(0.03095,0.0451,0.026));
#4449=CARTESIAN_POINT('',(0.03095,0.031,0.026));
#4450=CARTESIAN_POINT('',(0.038,0.0451,0.026));
#4451=CARTESIAN_POINT('',(0.04505,0.0451,0.026));
#4452=CARTESIAN_POINT('',(0.04505,0.039,0.026));
#4453=CARTESIAN_POINT('',(0.04505,0.031,0.026));
#4454=CARTESIAN_POINT('',(0.038,0.031,0.026));
#4455=CARTESIAN_POINT('',(0.0119,0.039,0.026));
#4456=CARTESIAN_POINT('',(0.0119,0.0451,0.026));
#4457=CARTESIAN_POINT('',(0.0119,0.031,0.026));
#4458=CARTESIAN_POINT('',(0.038,0.0451,0.026));
#4459=CARTESIAN_POINT('',(0.026,0.0451,0.026));
#4460=CARTESIAN_POINT('',(0.026,0.039,0.026));
#4461=CARTESIAN_POINT('',(0.026,0.031,0.026));
#4462=CARTESIAN_POINT('',(0.038,0.031,0.026));
#4463=CARTESIAN_POINT('',(0.05,0.039,0.026));
#4464=CARTESIAN_POINT('',(0.05,0.02605,0.026));
#4465=CARTESIAN_POINT('',(0.05,0.01195,0.026));
#4466=CARTESIAN_POINT('',(0.038,0.02605,0.026));
#4467=CARTESIAN_POINT('',(0.0641,0.02605,0.026));
#4468=CARTESIAN_POINT('',(0.0641,0.039,0.026));
#4469=CARTESIAN_POINT('',(0.0641,0.01195,0.026));
#4470=CARTESIAN_POINT('',(0.038,0.01195,0.026));
#4471=CARTESIAN_POINT('',(0.03095,0.039,0.026));
#4472=CARTESIAN_POINT('',(0.03095,0.02605,0.026));
#4473=CARTESIAN_POINT('',(0.03095,0.01195,0.026));
#4474=CARTESIAN_POINT('',(0.038,0.02605,0.026));
#4475=CARTESIAN_POINT('',(0.04505,0.02605,0.026));
#4476=CARTESIAN_POINT('',(0.04505,0.039,0.026));
#4477=CARTESIAN_POINT('',(0.04505,0.01195,0.026));
#4478=CARTESIAN_POINT('',(0.038,0.01195,0.026));
#4479=CARTESIAN_POINT('',(0.0119,0.039,0.026));
#4480=CARTESIAN_POINT('',(0.0119,0.02605,0.026));
#4481=CARTESIAN_POINT('',(0.0119,0.01195,0.026));
#4482=CARTESIAN_POINT('',(0.038,0.02605,0.026));
#4483=CARTESIAN_POINT('',(0.026,0.02605,0.026));
#4484=CARTESIAN_POINT('',(0.026,0.039,0.026));
#4485=CARTESIAN_POINT('',(0.026,0.01195,0.026));
#4486=CARTESIAN_POINT('',(0.038,0.01195,0.026));
#4487=CARTESIAN_POINT('',(0.0695,0.0715,0.026));
#4488=CARTESIAN_POINT('',(0.0727,0.0715,0.026));
#4489=CARTESIAN_POINT('',(0.0695,0.0065,0.026));
#4490=CARTESIAN_POINT('',(0.0727,0.0065,0.026));
#4491=CARTESIAN_POINT('',(0.0065,0.0715,0.026));
#4492=CARTESIAN_POINT('',(0.0097,0.0715,0.026));
#4493=CARTESIAN_POINT('',(0.0065,0.0065,0.026));
#4494=CARTESIAN_POINT('',(0.0097,0.0065,0.026));
#4495=CARTESIAN_POINT('',(0.005,0.073,0.026));
#4496=CARTESIAN_POINT('',(0.,0.073,0.026));
#4497=CARTESIAN_POINT('',(0.,0.039,0.026));
#4498=CARTESIAN_POINT('',(0.,0.005,0.026));
#4499=CARTESIAN_POINT('',(0.005,0.005,0.026));
#4500=CARTESIAN_POINT('',(0.071,0.005,0.026));
#4501=CARTESIAN_POINT('',(0.076,0.005,0.026));
#4502=CARTESIAN_POINT('',(0.076,0.039,0.026));
#4503=CARTESIAN_POINT('',(0.076,0.073,0.026));
#4504=CARTESIAN_POINT('',(0.071,0.073,0.026));
#4505=CARTESIAN_POINT('',(0.038,0.039,0.023));
#4506=CARTESIAN_POINT('',(0.062,0.0605,0.023));
#4507=CARTESIAN_POINT('',(0.065,0.0605,0.023));
#4508=CARTESIAN_POINT('',(0.014,0.0605,0.023));
#4509=CARTESIAN_POINT('',(0.017,0.0605,0.023));
#4510=CARTESIAN_POINT('',(0.03,0.0755,0.023));
#4511=CARTESIAN_POINT('',(0.0065,0.0715,0.023));
#4512=CARTESIAN_POINT('',(0.046,0.0755,0.023));
#4513=CARTESIAN_POINT('',(0.0695,0.0715,0.023));
#4514=CARTESIAN_POINT('',(0.071,0.073,0.023));
#4515=CARTESIAN_POINT('',(0.076,0.073,0.023));
#4516=CARTESIAN_POINT('',(0.076,0.039,0.023));
#4517=CARTESIAN_POINT('',(0.076,0.005,0.023));
#4518=CARTESIAN_POINT('',(0.071,0.005,0.023));
#4519=CARTESIAN_POINT('',(0.005,0.005,0.023));
#4520=CARTESIAN_POINT('',(0.,0.005,0.023));
#4521=CARTESIAN_POINT('',(0.,0.039,0.023));
#4522=CARTESIAN_POINT('',(0.,0.073,0.023));
#4523=CARTESIAN_POINT('',(0.005,0.073,0.023));
#4524=CARTESIAN_POINT('',(0.038,0.06825,0.023));
#4525=CARTESIAN_POINT('',(0.058,0.06825,0.023));
#4526=CARTESIAN_POINT('',(0.018,0.06825,0.023));
#4527=CARTESIAN_POINT('',(0.018,0.039,0.023));
#4528=CARTESIAN_POINT('',(0.018,0.05275,0.023));
#4529=CARTESIAN_POINT('',(0.038,0.05275,0.023));
#4530=CARTESIAN_POINT('',(0.058,0.05275,0.023));
#4531=CARTESIAN_POINT('',(0.058,0.039,0.023));
#4532=CARTESIAN_POINT('',(0.038,0.04655,0.023));
#4533=CARTESIAN_POINT('',(0.06555,0.04655,0.023));
#4534=CARTESIAN_POINT('',(0.04855,0.04655,0.023));
#4535=CARTESIAN_POINT('',(0.04855,0.039,0.023));
#4536=CARTESIAN_POINT('',(0.04855,0.02955,0.023));
#4537=CARTESIAN_POINT('',(0.038,0.02955,0.023));
#4538=CARTESIAN_POINT('',(0.06555,0.02955,0.023));
#4539=CARTESIAN_POINT('',(0.06555,0.039,0.023));
#4540=CARTESIAN_POINT('',(0.038,0.04655,0.023));
#4541=CARTESIAN_POINT('',(0.0465,0.04655,0.023));
#4542=CARTESIAN_POINT('',(0.0295,0.04655,0.023));
#4543=CARTESIAN_POINT('',(0.0295,0.039,0.023));
#4544=CARTESIAN_POINT('',(0.0295,0.02955,0.023));
#4545=CARTESIAN_POINT('',(0.038,0.02955,0.023));
#4546=CARTESIAN_POINT('',(0.0465,0.02955,0.023));
#4547=CARTESIAN_POINT('',(0.0465,0.039,0.023));
#4548=CARTESIAN_POINT('',(0.038,0.04655,0.023));
#4549=CARTESIAN_POINT('',(0.02745,0.04655,0.023));
#4550=CARTESIAN_POINT('',(0.01045,0.04655,0.023));
#4551=CARTESIAN_POINT('',(0.01045,0.039,0.023));
#4552=CARTESIAN_POINT('',(0.01045,0.02955,0.023));
#4553=CARTESIAN_POINT('',(0.038,0.02955,0.023));
#4554=CARTESIAN_POINT('',(0.02745,0.02955,0.023));
#4555=CARTESIAN_POINT('',(0.02745,0.039,0.023));
#4556=CARTESIAN_POINT('',(0.038,0.0275,0.023));
#4557=CARTESIAN_POINT('',(0.06555,0.0275,0.023));
#4558=CARTESIAN_POINT('',(0.04855,0.0275,0.023));
#4559=CARTESIAN_POINT('',(0.04855,0.039,0.023));
#4560=CARTESIAN_POINT('',(0.04855,0.0105,0.023));
#4561=CARTESIAN_POINT('',(0.038,0.0105,0.023));
#4562=CARTESIAN_POINT('',(0.06555,0.0105,0.023));
#4563=CARTESIAN_POINT('',(0.06555,0.039,0.023));
#4564=CARTESIAN_POINT('',(0.038,0.0275,0.023));
#4565=CARTESIAN_POINT('',(0.0465,0.0275,0.023));
#4566=CARTESIAN_POINT('',(0.0295,0.0275,0.023));
#4567=CARTESIAN_POINT('',(0.0295,0.039,0.023));
#4568=CARTESIAN_POINT('',(0.0295,0.0105,0.023));
#4569=CARTESIAN_POINT('',(0.038,0.0105,0.023));
#4570=CARTESIAN_POINT('',(0.0465,0.0105,0.023));
#4571=CARTESIAN_POINT('',(0.0465,0.039,0.023));
#4572=CARTESIAN_POINT('',(0.038,0.0275,0.023));
#4573=CARTESIAN_POINT('',(0.02745,0.0275,0.023));
#4574=CARTESIAN_POINT('',(0.01045,0.0275,0.023));
#4575=CARTESIAN_POINT('',(0.01045,0.039,0.023));
#4576=CARTESIAN_POINT('',(0.01045,0.0105,0.023));
#4577=CARTESIAN_POINT('',(0.038,0.0105,0.023));
#4578=CARTESIAN_POINT('',(0.02745,0.0105,0.023));
#4579=CARTESIAN_POINT('',(0.02745,0.039,0.023));
#4580=CARTESIAN_POINT('',(0.0695,0.0715,0.023));
#4581=CARTESIAN_POINT('',(0.0695,0.0065,0.023));
#4582=CARTESIAN_POINT('',(0.0695,0.0065,0.023));
#4583=CARTESIAN_POINT('',(0.0065,0.0065,0.023));
#4584=CARTESIAN_POINT('',(0.0065,0.0715,0.023));
#4585=CARTESIAN_POINT('',(0.0065,0.0065,0.023));
#4586=CARTESIAN_POINT('',(0.076,0.039,0.026));
#4587=CARTESIAN_POINT('',(0.076,0.073,0.026));
#4588=CARTESIAN_POINT('',(0.076,0.005,0.026));
#4589=CARTESIAN_POINT('',(0.071,0.073,0.026));
#4590=CARTESIAN_POINT('',(0.071,0.005,0.026));
#4591=CARTESIAN_POINT('',(0.005,0.005,0.026));
#4592=CARTESIAN_POINT('',(0.,0.005,0.026));
#4593=CARTESIAN_POINT('',(0.,0.039,0.026));
#4594=CARTESIAN_POINT('',(0.,0.073,0.026));
#4595=CARTESIAN_POINT('',(0.005,0.073,0.026));
#4596=CARTESIAN_POINT('',(0.038,0.039,0.0212));
#4597=CARTESIAN_POINT('',(0.03,0.039,0.0212));
#4598=CARTESIAN_POINT('',(0.0065,0.0715,0.0212));
#4599=CARTESIAN_POINT('',(0.0065,0.0065,0.023));
#4600=CARTESIAN_POINT('',(0.0065,0.0065,0.023));
#4601=CARTESIAN_POINT('',(0.0065,0.0065,0.0261));
#4602=CARTESIAN_POINT('',(0.0065,0.0065,0.0245));
#4603=CARTESIAN_POINT('',(0.0097,0.0065,0.0245));
#4604=CARTESIAN_POINT('',(0.0065,0.0065,0.0245));
#4605=CARTESIAN_POINT('',(0.0065,0.0715,0.023));
#4606=CARTESIAN_POINT('',(0.0065,0.0715,0.023));
#4607=CARTESIAN_POINT('',(0.0065,0.0715,0.0261));
#4608=CARTESIAN_POINT('',(0.0065,0.0715,0.0245));
#4609=CARTESIAN_POINT('',(0.0097,0.0715,0.0245));
#4610=CARTESIAN_POINT('',(0.0065,0.0715,0.0245));
#4611=CARTESIAN_POINT('',(0.0695,0.0065,0.023));
#4612=CARTESIAN_POINT('',(0.0695,0.0065,0.023));
#4613=CARTESIAN_POINT('',(0.0695,0.0065,0.0261));
#4614=CARTESIAN_POINT('',(0.0695,0.0065,0.0245));
#4615=CARTESIAN_POINT('',(0.0727,0.0065,0.0245));
#4616=CARTESIAN_POINT('',(0.0695,0.0065,0.0245));
#4617=CARTESIAN_POINT('',(0.0695,0.0715,0.023));
#4618=CARTESIAN_POINT('',(0.0695,0.0715,0.023));
#4619=CARTESIAN_POINT('',(0.0695,0.0715,0.0261));
#4620=CARTESIAN_POINT('',(0.0695,0.0715,0.0245));
#4621=CARTESIAN_POINT('',(0.0727,0.0715,0.0245));
#4622=CARTESIAN_POINT('',(0.0695,0.0715,0.0245));
#4623=CARTESIAN_POINT('',(0.0119,0.019,0.0267));
#4624=CARTESIAN_POINT('',(0.0119,0.01195,0.0267));
#4625=CARTESIAN_POINT('',(0.0119,0.01195,0.0245));
#4626=CARTESIAN_POINT('',(0.0119,0.019,0.0245));
#4627=CARTESIAN_POINT('',(0.0119,0.02605,0.0245));
#4628=CARTESIAN_POINT('',(0.0119,0.02605,0.0267));
#4629=CARTESIAN_POINT('',(0.01895,0.01195,0.0267));
#4630=CARTESIAN_POINT('',(0.01895,0.01195,0.0245));
#4631=CARTESIAN_POINT('',(0.026,0.01195,0.0245));
#4632=CARTESIAN_POINT('',(0.026,0.01195,0.0267));
#4633=CARTESIAN_POINT('',(0.026,0.019,0.0267));
#4634=CARTESIAN_POINT('',(0.026,0.019,0.0245));
#4635=CARTESIAN_POINT('',(0.026,0.02605,0.0245));
#4636=CARTESIAN_POINT('',(0.026,0.02605,0.0267));
#4637=CARTESIAN_POINT('',(0.01895,0.02605,0.0267));
#4638=CARTESIAN_POINT('',(0.01895,0.02605,0.0245));
#4639=CARTESIAN_POINT('',(0.01045,0.019,0.0245));
#4640=CARTESIAN_POINT('',(0.01045,0.0275,0.0245));
#4641=CARTESIAN_POINT('',(0.01045,0.0275,0.0245));
#4642=CARTESIAN_POINT('',(0.01045,0.019,0.0245));
#4643=CARTESIAN_POINT('',(0.01045,0.0105,0.0245));
#4644=CARTESIAN_POINT('',(0.01045,0.0105,0.0245));
#4645=CARTESIAN_POINT('',(0.01895,0.0105,0.0245));
#4646=CARTESIAN_POINT('',(0.01895,0.0105,0.0245));
#4647=CARTESIAN_POINT('',(0.02745,0.0105,0.0245));
#4648=CARTESIAN_POINT('',(0.02745,0.0105,0.0245));
#4649=CARTESIAN_POINT('',(0.02745,0.019,0.0245));
#4650=CARTESIAN_POINT('',(0.02745,0.019,0.0245));
#4651=CARTESIAN_POINT('',(0.02745,0.0275,0.0245));
#4652=CARTESIAN_POINT('',(0.02745,0.0275,0.0245));
#4653=CARTESIAN_POINT('',(0.01895,0.0275,0.0245));
#4654=CARTESIAN_POINT('',(0.01895,0.0275,0.0245));
#4655=CARTESIAN_POINT('',(0.01895,0.019,0.0245));
#4656=CARTESIAN_POINT('',(0.03095,0.019,0.0267));
#4657=CARTESIAN_POINT('',(0.03095,0.01195,0.0267));
#4658=CARTESIAN_POINT('',(0.03095,0.01195,0.0245));
#4659=CARTESIAN_POINT('',(0.03095,0.019,0.0245));
#4660=CARTESIAN_POINT('',(0.03095,0.02605,0.0245));
#4661=CARTESIAN_POINT('',(0.03095,0.02605,0.0267));
#4662=CARTESIAN_POINT('',(0.038,0.01195,0.0267));
#4663=CARTESIAN_POINT('',(0.038,0.01195,0.0245));
#4664=CARTESIAN_POINT('',(0.04505,0.01195,0.0245));
#4665=CARTESIAN_POINT('',(0.04505,0.01195,0.0267));
#4666=CARTESIAN_POINT('',(0.04505,0.019,0.0267));
#4667=CARTESIAN_POINT('',(0.04505,0.019,0.0245));
#4668=CARTESIAN_POINT('',(0.04505,0.02605,0.0245));
#4669=CARTESIAN_POINT('',(0.04505,0.02605,0.0267));
#4670=CARTESIAN_POINT('',(0.038,0.02605,0.0267));
#4671=CARTESIAN_POINT('',(0.038,0.02605,0.0245));
#4672=CARTESIAN_POINT('',(0.0295,0.019,0.0245));
#4673=CARTESIAN_POINT('',(0.0295,0.0275,0.0245));
#4674=CARTESIAN_POINT('',(0.0295,0.0275,0.0245));
#4675=CARTESIAN_POINT('',(0.0295,0.019,0.0245));
#4676=CARTESIAN_POINT('',(0.0295,0.0105,0.0245));
#4677=CARTESIAN_POINT('',(0.0295,0.0105,0.0245));
#4678=CARTESIAN_POINT('',(0.038,0.0105,0.0245));
#4679=CARTESIAN_POINT('',(0.038,0.0105,0.0245));
#4680=CARTESIAN_POINT('',(0.0465,0.0105,0.0245));
#4681=CARTESIAN_POINT('',(0.0465,0.0105,0.0245));
#4682=CARTESIAN_POINT('',(0.0465,0.019,0.0245));
#4683=CARTESIAN_POINT('',(0.0465,0.019,0.0245));
#4684=CARTESIAN_POINT('',(0.0465,0.0275,0.0245));
#4685=CARTESIAN_POINT('',(0.0465,0.0275,0.0245));
#4686=CARTESIAN_POINT('',(0.038,0.0275,0.0245));
#4687=CARTESIAN_POINT('',(0.038,0.0275,0.0245));
#4688=CARTESIAN_POINT('',(0.038,0.019,0.0245));
#4689=CARTESIAN_POINT('',(0.05,0.019,0.0267));
#4690=CARTESIAN_POINT('',(0.05,0.01195,0.0267));
#4691=CARTESIAN_POINT('',(0.05,0.01195,0.0245));
#4692=CARTESIAN_POINT('',(0.05,0.019,0.0245));
#4693=CARTESIAN_POINT('',(0.05,0.02605,0.0245));
#4694=CARTESIAN_POINT('',(0.05,0.02605,0.0267));
#4695=CARTESIAN_POINT('',(0.05705,0.01195,0.0267));
#4696=CARTESIAN_POINT('',(0.05705,0.01195,0.0245));
#4697=CARTESIAN_POINT('',(0.0641,0.01195,0.0245));
#4698=CARTESIAN_POINT('',(0.0641,0.01195,0.0267));
#4699=CARTESIAN_POINT('',(0.0641,0.019,0.0267));
#4700=CARTESIAN_POINT('',(0.0641,0.019,0.0245));
#4701=CARTESIAN_POINT('',(0.0641,0.02605,0.0245));
#4702=CARTESIAN_POINT('',(0.0641,0.02605,0.0267));
#4703=CARTESIAN_POINT('',(0.05705,0.02605,0.0267));
#4704=CARTESIAN_POINT('',(0.05705,0.02605,0.0245));
#4705=CARTESIAN_POINT('',(0.04855,0.019,0.0245));
#4706=CARTESIAN_POINT('',(0.04855,0.0275,0.0245));
#4707=CARTESIAN_POINT('',(0.04855,0.0275,0.0245));
#4708=CARTESIAN_POINT('',(0.04855,0.019,0.0245));
#4709=CARTESIAN_POINT('',(0.04855,0.0105,0.0245));
#4710=CARTESIAN_POINT('',(0.04855,0.0105,0.0245));
#4711=CARTESIAN_POINT('',(0.05705,0.0105,0.0245));
#4712=CARTESIAN_POINT('',(0.05705,0.0105,0.0245));
#4713=CARTESIAN_POINT('',(0.06555,0.0105,0.0245));
#4714=CARTESIAN_POINT('',(0.06555,0.0105,0.0245));
#4715=CARTESIAN_POINT('',(0.06555,0.019,0.0245));
#4716=CARTESIAN_POINT('',(0.06555,0.019,0.0245));
#4717=CARTESIAN_POINT('',(0.06555,0.0275,0.0245));
#4718=CARTESIAN_POINT('',(0.06555,0.0275,0.0245));
#4719=CARTESIAN_POINT('',(0.05705,0.0275,0.0245));
#4720=CARTESIAN_POINT('',(0.05705,0.0275,0.0245));
#4721=CARTESIAN_POINT('',(0.05705,0.019,0.0245));
#4722=CARTESIAN_POINT('',(0.0119,0.03805,0.0267));
#4723=CARTESIAN_POINT('',(0.0119,0.031,0.0267));
#4724=CARTESIAN_POINT('',(0.0119,0.031,0.0245));
#4725=CARTESIAN_POINT('',(0.0119,0.03805,0.0245));
#4726=CARTESIAN_POINT('',(0.0119,0.0451,0.0245));
#4727=CARTESIAN_POINT('',(0.0119,0.0451,0.0267));
#4728=CARTESIAN_POINT('',(0.01895,0.031,0.0267));
#4729=CARTESIAN_POINT('',(0.01895,0.031,0.0245));
#4730=CARTESIAN_POINT('',(0.026,0.031,0.0245));
#4731=CARTESIAN_POINT('',(0.026,0.031,0.0267));
#4732=CARTESIAN_POINT('',(0.026,0.03805,0.0267));
#4733=CARTESIAN_POINT('',(0.026,0.03805,0.0245));
#4734=CARTESIAN_POINT('',(0.026,0.0451,0.0245));
#4735=CARTESIAN_POINT('',(0.026,0.0451,0.0267));
#4736=CARTESIAN_POINT('',(0.01895,0.0451,0.0267));
#4737=CARTESIAN_POINT('',(0.01895,0.0451,0.0245));
#4738=CARTESIAN_POINT('',(0.01045,0.03805,0.0245));
#4739=CARTESIAN_POINT('',(0.01045,0.04655,0.0245));
#4740=CARTESIAN_POINT('',(0.01045,0.04655,0.0245));
#4741=CARTESIAN_POINT('',(0.01045,0.03805,0.0245));
#4742=CARTESIAN_POINT('',(0.01045,0.02955,0.0245));
#4743=CARTESIAN_POINT('',(0.01045,0.02955,0.0245));
#4744=CARTESIAN_POINT('',(0.01895,0.02955,0.0245));
#4745=CARTESIAN_POINT('',(0.01895,0.02955,0.0245));
#4746=CARTESIAN_POINT('',(0.02745,0.02955,0.0245));
#4747=CARTESIAN_POINT('',(0.02745,0.02955,0.0245));
#4748=CARTESIAN_POINT('',(0.02745,0.03805,0.0245));
#4749=CARTESIAN_POINT('',(0.02745,0.03805,0.0245));
#4750=CARTESIAN_POINT('',(0.02745,0.04655,0.0245));
#4751=CARTESIAN_POINT('',(0.02745,0.04655,0.0245));
#4752=CARTESIAN_POINT('',(0.01895,0.04655,0.0245));
#4753=CARTESIAN_POINT('',(0.01895,0.04655,0.0245));
#4754=CARTESIAN_POINT('',(0.01895,0.03805,0.0245));
#4755=CARTESIAN_POINT('',(0.03095,0.03805,0.0267));
#4756=CARTESIAN_POINT('',(0.03095,0.031,0.0267));
#4757=CARTESIAN_POINT('',(0.03095,0.031,0.0245));
#4758=CARTESIAN_POINT('',(0.03095,0.03805,0.0245));
#4759=CARTESIAN_POINT('',(0.03095,0.0451,0.0245));
#4760=CARTESIAN_POINT('',(0.03095,0.0451,0.0267));
#4761=CARTESIAN_POINT('',(0.038,0.031,0.0267));
#4762=CARTESIAN_POINT('',(0.038,0.031,0.0245));
#4763=CARTESIAN_POINT('',(0.04505,0.031,0.0245));
#4764=CARTESIAN_POINT('',(0.04505,0.031,0.0267));
#4765=CARTESIAN_POINT('',(0.04505,0.03805,0.0267));
#4766=CARTESIAN_POINT('',(0.04505,0.03805,0.0245));
#4767=CARTESIAN_POINT('',(0.04505,0.0451,0.0245));
#4768=CARTESIAN_POINT('',(0.04505,0.0451,0.0267));
#4769=CARTESIAN_POINT('',(0.038,0.0451,0.0267));
#4770=CARTESIAN_POINT('',(0.038,0.0451,0.0245));
#4771=CARTESIAN_POINT('',(0.0295,0.03805,0.0245));
#4772=CARTESIAN_POINT('',(0.0295,0.04655,0.0245));
#4773=CARTESIAN_POINT('',(0.0295,0.04655,0.0245));
#4774=CARTESIAN_POINT('',(0.0295,0.03805,0.0245));
#4775=CARTESIAN_POINT('',(0.0295,0.02955,0.0245));
#4776=CARTESIAN_POINT('',(0.0295,0.02955,0.0245));
#4777=CARTESIAN_POINT('',(0.038,0.02955,0.0245));
#4778=CARTESIAN_POINT('',(0.038,0.02955,0.0245));
#4779=CARTESIAN_POINT('',(0.0465,0.02955,0.0245));
#4780=CARTESIAN_POINT('',(0.0465,0.02955,0.0245));
#4781=CARTESIAN_POINT('',(0.0465,0.03805,0.0245));
#4782=CARTESIAN_POINT('',(0.0465,0.03805,0.0245));
#4783=CARTESIAN_POINT('',(0.0465,0.04655,0.0245));
#4784=CARTESIAN_POINT('',(0.0465,0.04655,0.0245));
#4785=CARTESIAN_POINT('',(0.038,0.04655,0.0245));
#4786=CARTESIAN_POINT('',(0.038,0.04655,0.0245));
#4787=CARTESIAN_POINT('',(0.038,0.03805,0.0245));
#4788=CARTESIAN_POINT('',(0.05,0.03805,0.0267));
#4789=CARTESIAN_POINT('',(0.05,0.031,0.0267));
#4790=CARTESIAN_POINT('',(0.05,0.031,0.0245));
#4791=CARTESIAN_POINT('',(0.05,0.03805,0.0245));
#4792=CARTESIAN_POINT('',(0.05,0.0451,0.0245));
#4793=CARTESIAN_POINT('',(0.05,0.0451,0.0267));
#4794=CARTESIAN_POINT('',(0.05705,0.031,0.0267));
#4795=CARTESIAN_POINT('',(0.05705,0.031,0.0245));
#4796=CARTESIAN_POINT('',(0.0641,0.031,0.0245));
#4797=CARTESIAN_POINT('',(0.0641,0.031,0.0267));
#4798=CARTESIAN_POINT('',(0.0641,0.03805,0.0267));
#4799=CARTESIAN_POINT('',(0.0641,0.03805,0.0245));
#4800=CARTESIAN_POINT('',(0.0641,0.0451,0.0245));
#4801=CARTESIAN_POINT('',(0.0641,0.0451,0.0267));
#4802=CARTESIAN_POINT('',(0.05705,0.0451,0.0267));
#4803=CARTESIAN_POINT('',(0.05705,0.0451,0.0245));
#4804=CARTESIAN_POINT('',(0.04855,0.03805,0.0245));
#4805=CARTESIAN_POINT('',(0.04855,0.04655,0.0245));
#4806=CARTESIAN_POINT('',(0.04855,0.04655,0.0245));
#4807=CARTESIAN_POINT('',(0.04855,0.03805,0.0245));
#4808=CARTESIAN_POINT('',(0.04855,0.02955,0.0245));
#4809=CARTESIAN_POINT('',(0.04855,0.02955,0.0245));
#4810=CARTESIAN_POINT('',(0.05705,0.02955,0.0245));
#4811=CARTESIAN_POINT('',(0.05705,0.02955,0.0245));
#4812=CARTESIAN_POINT('',(0.06555,0.02955,0.0245));
#4813=CARTESIAN_POINT('',(0.06555,0.02955,0.0245));
#4814=CARTESIAN_POINT('',(0.06555,0.03805,0.0245));
#4815=CARTESIAN_POINT('',(0.06555,0.03805,0.0245));
#4816=CARTESIAN_POINT('',(0.06555,0.04655,0.0245));
#4817=CARTESIAN_POINT('',(0.06555,0.04655,0.0245));
#4818=CARTESIAN_POINT('',(0.05705,0.04655,0.0245));
#4819=CARTESIAN_POINT('',(0.05705,0.04655,0.0245));
#4820=CARTESIAN_POINT('',(0.05705,0.03805,0.0245));
#4821=CARTESIAN_POINT('',(0.018,0.0605,0.0245));
#4822=CARTESIAN_POINT('',(0.018,0.06825,0.0245));
#4823=CARTESIAN_POINT('',(0.018,0.06825,0.0245));
#4824=CARTESIAN_POINT('',(0.018,0.0605,0.0245));
#4825=CARTESIAN_POINT('',(0.018,0.05275,0.0245));
#4826=CARTESIAN_POINT('',(0.018,0.05275,0.0245));
#4827=CARTESIAN_POINT('',(0.038,0.05275,0.0245));
#4828=CARTESIAN_POINT('',(0.038,0.05275,0.0245));
#4829=CARTESIAN_POINT('',(0.058,0.05275,0.0245));
#4830=CARTESIAN_POINT('',(0.058,0.05275,0.0245));
#4831=CARTESIAN_POINT('',(0.058,0.0605,0.0245));
#4832=CARTESIAN_POINT('',(0.058,0.0605,0.0245));
#4833=CARTESIAN_POINT('',(0.058,0.06825,0.0245));
#4834=CARTESIAN_POINT('',(0.058,0.06825,0.0245));
#4835=CARTESIAN_POINT('',(0.038,0.06825,0.0245));
#4836=CARTESIAN_POINT('',(0.038,0.06825,0.0245));
#4837=CARTESIAN_POINT('',(0.038,0.0605,0.0245));
#4838=CARTESIAN_POINT('',(0.054,0.0605,0.0245));
#4839=CARTESIAN_POINT('',(0.054,0.06475,0.0245));
#4840=CARTESIAN_POINT('',(0.054,0.05625,0.0245));
#4841=CARTESIAN_POINT('',(0.053,0.06475,0.0245));
#4842=CARTESIAN_POINT('',(0.053,0.06575,0.0245));
#4843=CARTESIAN_POINT('',(0.038,0.06575,0.0245));
#4844=CARTESIAN_POINT('',(0.023,0.06575,0.0245));
#4845=CARTESIAN_POINT('',(0.023,0.06475,0.0245));
#4846=CARTESIAN_POINT('',(0.022,0.06475,0.0245));
#4847=CARTESIAN_POINT('',(0.022,0.0605,0.0245));
#4848=CARTESIAN_POINT('',(0.022,0.05625,0.0245));
#4849=CARTESIAN_POINT('',(0.023,0.05625,0.0245));
#4850=CARTESIAN_POINT('',(0.023,0.05525,0.0245));
#4851=CARTESIAN_POINT('',(0.038,0.05525,0.0245));
#4852=CARTESIAN_POINT('',(0.053,0.05525,0.0245));
#4853=CARTESIAN_POINT('',(0.053,0.05625,0.0245));
#4854=CARTESIAN_POINT('',(0.038,0.05525,0.0267));
#4855=CARTESIAN_POINT('',(0.053,0.05525,0.0267));
#4856=CARTESIAN_POINT('',(0.023,0.05525,0.0267));
#4857=CARTESIAN_POINT('',(0.038,0.06575,0.0267));
#4858=CARTESIAN_POINT('',(0.023,0.06575,0.0267));
#4859=CARTESIAN_POINT('',(0.053,0.06575,0.0267));
#4860=CARTESIAN_POINT('',(0.054,0.0605,0.0267));
#4861=CARTESIAN_POINT('',(0.054,0.06475,0.0267));
#4862=CARTESIAN_POINT('',(0.054,0.05625,0.0267));
#4863=CARTESIAN_POINT('',(0.053,0.06475,0.0267));
#4864=CARTESIAN_POINT('',(0.053,0.05625,0.0267));
#4865=CARTESIAN_POINT('',(0.023,0.05625,0.0267));
#4866=CARTESIAN_POINT('',(0.022,0.05625,0.0267));
#4867=CARTESIAN_POINT('',(0.022,0.0605,0.0267));
#4868=CARTESIAN_POINT('',(0.022,0.06475,0.0267));
#4869=CARTESIAN_POINT('',(0.023,0.06475,0.0267));
#4870=CARTESIAN_POINT('',(0.03,0.0755,0.023));
#4871=CARTESIAN_POINT('',(0.046,0.0755,0.023));
#4872=CARTESIAN_POINT('',(0.014,0.0605,0.0231));
#4873=CARTESIAN_POINT('',(0.014,0.0605,0.0182));
#4874=CARTESIAN_POINT('',(0.017,0.0605,0.0182));
#4875=CARTESIAN_POINT('',(0.014,0.0605,0.0182));
#4876=CARTESIAN_POINT('',(0.014,0.0605,0.0182));
#4877=CARTESIAN_POINT('',(0.01485,0.0605,0.0182));
#4878=CARTESIAN_POINT('',(0.014,0.0605,0.025));
#4879=CARTESIAN_POINT('',(0.014,0.0605,0.025));
#4880=CARTESIAN_POINT('',(0.01485,0.0605,0.025));
#4881=CARTESIAN_POINT('',(0.014,0.0605,0.025));
#4882=CARTESIAN_POINT('',(0.062,0.0605,0.0231));
#4883=CARTESIAN_POINT('',(0.062,0.0605,0.0182));
#4884=CARTESIAN_POINT('',(0.065,0.0605,0.0182));
#4885=CARTESIAN_POINT('',(0.062,0.0605,0.0182));
#4886=CARTESIAN_POINT('',(0.062,0.0605,0.0182));
#4887=CARTESIAN_POINT('',(0.06285,0.0605,0.0182));
#4888=CARTESIAN_POINT('',(0.062,0.0605,0.025));
#4889=CARTESIAN_POINT('',(0.062,0.0605,0.025));
#4890=CARTESIAN_POINT('',(0.06285,0.0605,0.025));
#4891=CARTESIAN_POINT('',(0.062,0.0605,0.025));
#4892=CARTESIAN_POINT('',(0.,0.,0.));
#4893=CARTESIAN_POINT('',(0.038,0.057,0.0182));
#4894=CARTESIAN_POINT('',(0.038,0.057,0.0162));
#4895=CARTESIAN_POINT('',(0.012,0.057,0.0162));
#4896=CARTESIAN_POINT('',(0.064,0.057,0.0162));
#4897=CARTESIAN_POINT('',(0.064,0.057,0.0182));
#4898=CARTESIAN_POINT('',(0.064,0.057,0.0182));
#4899=CARTESIAN_POINT('',(0.038,0.057,0.0182));
#4900=CARTESIAN_POINT('',(0.012,0.057,0.0182));
#4901=CARTESIAN_POINT('',(0.012,0.057,0.0182));
#4902=CARTESIAN_POINT('',(0.038,0.064,0.0182));
#4903=CARTESIAN_POINT('',(0.038,0.064,0.0162));
#4904=CARTESIAN_POINT('',(0.012,0.064,0.0162));
#4905=CARTESIAN_POINT('',(0.064,0.064,0.0162));
#4906=CARTESIAN_POINT('',(0.012,0.064,0.0182));
#4907=CARTESIAN_POINT('',(0.012,0.064,0.0182));
#4908=CARTESIAN_POINT('',(0.038,0.064,0.0182));
#4909=CARTESIAN_POINT('',(0.064,0.064,0.0182));
#4910=CARTESIAN_POINT('',(0.064,0.064,0.0182));
#4911=CARTESIAN_POINT('',(0.038,0.0605,0.0182));
#4912=CARTESIAN_POINT('',(0.062,0.0605,0.0182));
#4913=CARTESIAN_POINT('',(0.0632,0.0605,0.0182));
#4914=CARTESIAN_POINT('',(0.014,0.0605,0.0182));
#4915=CARTESIAN_POINT('',(0.0152,0.0605,0.0182));
#4916=CARTESIAN_POINT('',(0.064,0.059,0.0182));
#4917=CARTESIAN_POINT('',(0.066,0.059,0.0182));
#4918=CARTESIAN_POINT('',(0.066,0.0605,0.0182));
#4919=CARTESIAN_POINT('',(0.066,0.062,0.0182));
#4920=CARTESIAN_POINT('',(0.064,0.062,0.0182));
#4921=CARTESIAN_POINT('',(0.012,0.062,0.0182));
#4922=CARTESIAN_POINT('',(0.01,0.062,0.0182));
#4923=CARTESIAN_POINT('',(0.01,0.0605,0.0182));
#4924=CARTESIAN_POINT('',(0.01,0.059,0.0182));
#4925=CARTESIAN_POINT('',(0.012,0.059,0.0182));
#4926=CARTESIAN_POINT('',(0.038,0.0605,0.0162));
#4927=CARTESIAN_POINT('',(0.062,0.0605,0.0162));
#4928=CARTESIAN_POINT('',(0.0632,0.0605,0.0162));
#4929=CARTESIAN_POINT('',(0.014,0.0605,0.0162));
#4930=CARTESIAN_POINT('',(0.0152,0.0605,0.0162));
#4931=CARTESIAN_POINT('',(0.064,0.062,0.0162));
#4932=CARTESIAN_POINT('',(0.066,0.062,0.0162));
#4933=CARTESIAN_POINT('',(0.066,0.0605,0.0162));
#4934=CARTESIAN_POINT('',(0.066,0.059,0.0162));
#4935=CARTESIAN_POINT('',(0.064,0.059,0.0162));
#4936=CARTESIAN_POINT('',(0.012,0.059,0.0162));
#4937=CARTESIAN_POINT('',(0.01,0.059,0.0162));
#4938=CARTESIAN_POINT('',(0.01,0.0605,0.0162));
#4939=CARTESIAN_POINT('',(0.01,0.062,0.0162));
#4940=CARTESIAN_POINT('',(0.012,0.062,0.0162));
#4941=CARTESIAN_POINT('',(0.066,0.0605,0.0182));
#4942=CARTESIAN_POINT('',(0.066,0.062,0.0182));
#4943=CARTESIAN_POINT('',(0.066,0.059,0.0182));
#4944=CARTESIAN_POINT('',(0.064,0.062,0.0182));
#4945=CARTESIAN_POINT('',(0.064,0.059,0.0182));
#4946=CARTESIAN_POINT('',(0.012,0.059,0.0182));
#4947=CARTESIAN_POINT('',(0.01,0.059,0.0182));
#4948=CARTESIAN_POINT('',(0.01,0.0605,0.0182));
#4949=CARTESIAN_POINT('',(0.01,0.062,0.0182));
#4950=CARTESIAN_POINT('',(0.012,0.062,0.0182));
#4951=CARTESIAN_POINT('',(0.014,0.0605,0.0183));
#4952=CARTESIAN_POINT('',(0.062,0.0605,0.0183));
#4953=CARTESIAN_POINT('',(0.,0.,0.));
#4954=CARTESIAN_POINT('',(0.073,0.039,0.024));
#4955=CARTESIAN_POINT('',(0.073,0.039,0.023));
#4956=CARTESIAN_POINT('',(0.073,0.0686715728752538,0.023));
#4957=CARTESIAN_POINT('',(0.073,0.00932842712474621,0.023));
#4958=CARTESIAN_POINT('',(0.073,0.0686715728752538,0.023));
#4959=CARTESIAN_POINT('',(0.073,0.0686715728752538,0.0024));
#4960=CARTESIAN_POINT('',(0.073,0.039,0.0024));
#4961=CARTESIAN_POINT('',(0.073,0.00932842712474621,0.0024));
#4962=CARTESIAN_POINT('',(0.073,0.00932842712474621,0.023));
#4963=CARTESIAN_POINT('',(0.038,0.075,0.024));
#4964=CARTESIAN_POINT('',(0.0666715728752538,0.075,0.023));
#4965=CARTESIAN_POINT('',(0.0666715728752538,0.075,0.023));
#4966=CARTESIAN_POINT('',(0.0666715728752538,0.075,0.0024));
#4967=CARTESIAN_POINT('',(0.038,0.075,0.023));
#4968=CARTESIAN_POINT('',(0.046,0.075,0.023));
#4969=CARTESIAN_POINT('',(0.046,0.075,0.024));
#4970=CARTESIAN_POINT('',(0.046,0.075,0.005));
#4971=CARTESIAN_POINT('',(0.038,0.075,0.005));
#4972=CARTESIAN_POINT('',(0.03,0.075,0.005));
#4973=CARTESIAN_POINT('',(0.03,0.075,0.024));
#4974=CARTESIAN_POINT('',(0.03,0.075,0.023));
#4975=CARTESIAN_POINT('',(0.038,0.075,0.023));
#4976=CARTESIAN_POINT('',(0.0093284271247462,0.075,0.023));
#4977=CARTESIAN_POINT('',(0.0093284271247462,0.075,0.023));
#4978=CARTESIAN_POINT('',(0.0093284271247462,0.075,0.0024));
#4979=CARTESIAN_POINT('',(0.038,0.075,0.0024));
#4980=CARTESIAN_POINT('',(0.038,0.003,0.024));
#4981=CARTESIAN_POINT('',(0.038,0.003,0.023));
#4982=CARTESIAN_POINT('',(0.0666715728752538,0.003,0.023));
#4983=CARTESIAN_POINT('',(0.00932842712474619,0.003,0.023));
#4984=CARTESIAN_POINT('',(0.0666715728752538,0.003,0.023));
#4985=CARTESIAN_POINT('',(0.0666715728752538,0.003,0.0024));
#4986=CARTESIAN_POINT('',(0.038,0.003,0.0024));
#4987=CARTESIAN_POINT('',(0.00932842712474619,0.003,0.0024));
#4988=CARTESIAN_POINT('',(0.00932842712474619,0.003,0.023));
#4989=CARTESIAN_POINT('',(0.003,0.039,0.024));
#4990=CARTESIAN_POINT('',(0.003,0.0686715728752538,0.023));
#4991=CARTESIAN_POINT('',(0.003,0.0686715728752538,0.023));
#4992=CARTESIAN_POINT('',(0.003,0.0686715728752538,0.0024));
#4993=CARTESIAN_POINT('',(0.003,0.039,0.023));
#4994=CARTESIAN_POINT('',(0.003,0.00932842712474619,0.023));
#4995=CARTESIAN_POINT('',(0.003,0.00932842712474619,0.023));
#4996=CARTESIAN_POINT('',(0.003,0.00932842712474619,0.0024));
#4997=CARTESIAN_POINT('',(0.003,0.039,0.0024));
#4998=CARTESIAN_POINT('',(0.038,0.,0.023));
#4999=CARTESIAN_POINT('',(0.038,0.,0.));
#5000=CARTESIAN_POINT('',(0.005,0.,0.));
#5001=CARTESIAN_POINT('',(0.071,-3.46944695195361E-18,0.));
#5002=CARTESIAN_POINT('',(0.071,0.,0.023));
#5003=CARTESIAN_POINT('',(0.071,-3.46944695195361E-18,0.023));
#5004=CARTESIAN_POINT('',(0.038,0.,0.023));
#5005=CARTESIAN_POINT('',(0.005,0.,0.023));
#5006=CARTESIAN_POINT('',(0.005,0.,0.023));
#5007=CARTESIAN_POINT('',(0.038,0.078,0.023));
#5008=CARTESIAN_POINT('',(0.03,0.078,0.023));
#5009=CARTESIAN_POINT('',(0.03,0.078,0.005));
#5010=CARTESIAN_POINT('',(0.03,0.078,0.023));
#5011=CARTESIAN_POINT('',(0.038,0.078,0.005));
#5012=CARTESIAN_POINT('',(0.046,0.078,0.005));
#5013=CARTESIAN_POINT('',(0.046,0.078,0.023));
#5014=CARTESIAN_POINT('',(0.046,0.078,0.023));
#5015=CARTESIAN_POINT('',(0.038,0.078,0.023));
#5016=CARTESIAN_POINT('',(0.071,0.078,0.023));
#5017=CARTESIAN_POINT('',(0.071,0.078,0.023));
#5018=CARTESIAN_POINT('',(0.071,0.078,0.));
#5019=CARTESIAN_POINT('',(0.038,0.078,0.));
#5020=CARTESIAN_POINT('',(0.005,0.078,0.));
#5021=CARTESIAN_POINT('',(0.005,0.078,0.023));
#5022=CARTESIAN_POINT('',(0.005,0.078,0.023));
#5023=CARTESIAN_POINT('',(0.038,0.078,0.023));
#5024=CARTESIAN_POINT('',(0.038,0.039,0.023));
#5025=CARTESIAN_POINT('',(0.0695,0.0715,0.023));
#5026=CARTESIAN_POINT('',(0.0716,0.0715,0.023));
#5027=CARTESIAN_POINT('',(0.0695,0.0715,0.023));
#5028=CARTESIAN_POINT('',(0.0695,0.0065,0.023));
#5029=CARTESIAN_POINT('',(0.0065,0.0065,0.023));
#5030=CARTESIAN_POINT('',(0.0065,0.0715,0.023));
#5031=CARTESIAN_POINT('',(0.03,0.039,0.023));
#5032=CARTESIAN_POINT('',(0.005,0.073,0.023));
#5033=CARTESIAN_POINT('',(0.,0.073,0.023));
#5034=CARTESIAN_POINT('',(0.,0.039,0.023));
#5035=CARTESIAN_POINT('',(0.,0.005,0.023));
#5036=CARTESIAN_POINT('',(0.005,0.005,0.023));
#5037=CARTESIAN_POINT('',(0.071,0.005,0.023));
#5038=CARTESIAN_POINT('',(0.076,0.005,0.023));
#5039=CARTESIAN_POINT('',(0.076,0.039,0.023));
#5040=CARTESIAN_POINT('',(0.076,0.073,0.023));
#5041=CARTESIAN_POINT('',(0.071,0.073,0.023));
#5042=CARTESIAN_POINT('',(0.046,0.039,0.023));
#5043=CARTESIAN_POINT('',(0.0065,0.0715,0.023));
#5044=CARTESIAN_POINT('',(0.0086,0.0715,0.023));
#5045=CARTESIAN_POINT('',(0.0065,0.0065,0.023));
#5046=CARTESIAN_POINT('',(0.0086,0.0065,0.023));
#5047=CARTESIAN_POINT('',(0.0695,0.0065,0.023));
#5048=CARTESIAN_POINT('',(0.0716,0.0065,0.023));
#5049=CARTESIAN_POINT('',(0.038,0.039,0.));
#5050=CARTESIAN_POINT('',(0.066,0.068,0.));
#5051=CARTESIAN_POINT('',(0.0701,0.068,0.));
#5052=CARTESIAN_POINT('',(0.066,0.01,0.));
#5053=CARTESIAN_POINT('',(0.0701,0.01,0.));
#5054=CARTESIAN_POINT('',(0.01,0.068,0.));
#5055=CARTESIAN_POINT('',(0.0141,0.068,0.));
#5056=CARTESIAN_POINT('',(0.01,0.01,0.));
#5057=CARTESIAN_POINT('',(0.0141,0.01,0.));
#5058=CARTESIAN_POINT('',(0.071,0.073,0.));
#5059=CARTESIAN_POINT('',(0.076,0.073,0.));
#5060=CARTESIAN_POINT('',(0.076,0.039,0.));
#5061=CARTESIAN_POINT('',(0.076,0.005,0.));
#5062=CARTESIAN_POINT('',(0.071,0.005,0.));
#5063=CARTESIAN_POINT('',(0.005,0.005,0.));
#5064=CARTESIAN_POINT('',(0.,0.005,0.));
#5065=CARTESIAN_POINT('',(0.,0.039,0.));
#5066=CARTESIAN_POINT('',(0.,0.073,0.));
#5067=CARTESIAN_POINT('',(0.005,0.073,0.));
#5068=CARTESIAN_POINT('',(0.076,0.039,0.023));
#5069=CARTESIAN_POINT('',(0.076,0.073,0.023));
#5070=CARTESIAN_POINT('',(0.076,0.005,0.023));
#5071=CARTESIAN_POINT('',(0.071,0.073,0.023));
#5072=CARTESIAN_POINT('',(0.071,0.005,0.023));
#5073=CARTESIAN_POINT('',(0.005,0.005,0.023));
#5074=CARTESIAN_POINT('',(0.,0.005,0.023));
#5075=CARTESIAN_POINT('',(0.,0.039,0.023));
#5076=CARTESIAN_POINT('',(0.,0.073,0.023));
#5077=CARTESIAN_POINT('',(0.005,0.073,0.023));
#5078=CARTESIAN_POINT('',(0.038,0.039,0.0024));
#5079=CARTESIAN_POINT('',(0.0695,0.0715,0.0024));
#5080=CARTESIAN_POINT('',(0.0065,0.0715,0.0024));
#5081=CARTESIAN_POINT('',(0.0065,0.0065,0.0024));
#5082=CARTESIAN_POINT('',(0.0695,0.0065,0.0024));
#5083=CARTESIAN_POINT('',(0.038,0.0765,0.005));
#5084=CARTESIAN_POINT('',(0.03,0.0765,0.005));
#5085=CARTESIAN_POINT('',(0.046,0.0765,0.005));
#5086=CARTESIAN_POINT('',(0.03,0.0765,0.024));
#5087=CARTESIAN_POINT('',(0.046,0.0765,0.024));
#5088=CARTESIAN_POINT('',(0.0065,0.0065,0.023));
#5089=CARTESIAN_POINT('',(0.0065,0.0065,0.0235));
#5090=CARTESIAN_POINT('',(0.0065,0.0065,0.018));
#5091=CARTESIAN_POINT('',(0.0086,0.0065,0.018));
#5092=CARTESIAN_POINT('',(0.0065,0.0065,0.018));
#5093=CARTESIAN_POINT('',(0.0065,0.0065,0.018));
#5094=CARTESIAN_POINT('',(0.0081,0.0065,0.018));
#5095=CARTESIAN_POINT('',(0.0065,0.0065,0.007));
#5096=CARTESIAN_POINT('',(0.0065,0.0065,0.007));
#5097=CARTESIAN_POINT('',(0.0081,0.0065,0.007));
#5098=CARTESIAN_POINT('',(0.0065,0.0065,0.0235));
#5099=CARTESIAN_POINT('',(0.0065,0.0715,0.023));
#5100=CARTESIAN_POINT('',(0.0065,0.0715,0.0235));
#5101=CARTESIAN_POINT('',(0.0065,0.0715,0.018));
#5102=CARTESIAN_POINT('',(0.0086,0.0715,0.018));
#5103=CARTESIAN_POINT('',(0.0065,0.0715,0.018));
#5104=CARTESIAN_POINT('',(0.0065,0.0715,0.018));
#5105=CARTESIAN_POINT('',(0.0081,0.0715,0.018));
#5106=CARTESIAN_POINT('',(0.0065,0.0715,0.007));
#5107=CARTESIAN_POINT('',(0.0065,0.0715,0.007));
#5108=CARTESIAN_POINT('',(0.0081,0.0715,0.007));
#5109=CARTESIAN_POINT('',(0.0065,0.0715,0.0235));
#5110=CARTESIAN_POINT('',(0.0695,0.0065,0.023));
#5111=CARTESIAN_POINT('',(0.0695,0.0065,0.0235));
#5112=CARTESIAN_POINT('',(0.0695,0.0065,0.018));
#5113=CARTESIAN_POINT('',(0.0716,0.0065,0.018));
#5114=CARTESIAN_POINT('',(0.0695,0.0065,0.018));
#5115=CARTESIAN_POINT('',(0.0695,0.0065,0.018));
#5116=CARTESIAN_POINT('',(0.0711,0.0065,0.018));
#5117=CARTESIAN_POINT('',(0.0695,0.0065,0.007));
#5118=CARTESIAN_POINT('',(0.0695,0.0065,0.007));
#5119=CARTESIAN_POINT('',(0.0711,0.0065,0.007));
#5120=CARTESIAN_POINT('',(0.0695,0.0065,0.0235));
#5121=CARTESIAN_POINT('',(0.0695,0.0715,0.023));
#5122=CARTESIAN_POINT('',(0.0695,0.0715,0.0235));
#5123=CARTESIAN_POINT('',(0.0695,0.0715,0.018));
#5124=CARTESIAN_POINT('',(0.0716,0.0715,0.018));
#5125=CARTESIAN_POINT('',(0.0695,0.0715,0.018));
#5126=CARTESIAN_POINT('',(0.0695,0.0715,0.018));
#5127=CARTESIAN_POINT('',(0.0711,0.0715,0.018));
#5128=CARTESIAN_POINT('',(0.0695,0.0715,0.007));
#5129=CARTESIAN_POINT('',(0.0695,0.0715,0.007));
#5130=CARTESIAN_POINT('',(0.0711,0.0715,0.007));
#5131=CARTESIAN_POINT('',(0.0695,0.0715,0.0235));
#5132=CARTESIAN_POINT('',(0.01,0.01,0.0006));
#5133=CARTESIAN_POINT('',(0.01,0.01,0.0006));
#5134=CARTESIAN_POINT('',(0.0141,0.01,0.0006));
#5135=CARTESIAN_POINT('',(0.01,0.01,0.0006));
#5136=CARTESIAN_POINT('',(0.01,0.068,0.0006));
#5137=CARTESIAN_POINT('',(0.01,0.068,0.0006));
#5138=CARTESIAN_POINT('',(0.0141,0.068,0.0006));
#5139=CARTESIAN_POINT('',(0.01,0.068,0.0006));
#5140=CARTESIAN_POINT('',(0.066,0.01,0.0006));
#5141=CARTESIAN_POINT('',(0.066,0.01,0.0006));
#5142=CARTESIAN_POINT('',(0.0701,0.01,0.0006));
#5143=CARTESIAN_POINT('',(0.066,0.01,0.0006));
#5144=CARTESIAN_POINT('',(0.066,0.068,0.0006));
#5145=CARTESIAN_POINT('',(0.066,0.068,0.0006));
#5146=CARTESIAN_POINT('',(0.0701,0.068,0.0006));
#5147=CARTESIAN_POINT('',(0.066,0.068,0.0006));
#5148=MECHANICAL_DESIGN_GEOMETRIC_PRESENTATION_REPRESENTATION('',(#3083),
#5151);
#5149=MECHANICAL_DESIGN_GEOMETRIC_PRESENTATION_REPRESENTATION('',(#3084),
#5152);
#5150=MECHANICAL_DESIGN_GEOMETRIC_PRESENTATION_REPRESENTATION('',(#3085),
#5153);
#5151=(
GEOMETRIC_REPRESENTATION_CONTEXT(3)
GLOBAL_UNCERTAINTY_ASSIGNED_CONTEXT((#5154))
GLOBAL_UNIT_ASSIGNED_CONTEXT((#5163,#5160,#5157))
REPRESENTATION_CONTEXT('02 - Top plate | six MX keys + OLED',
'TOP_LEVEL_ASSEMBLY_PART')
);
#5152=(
GEOMETRIC_REPRESENTATION_CONTEXT(3)
GLOBAL_UNCERTAINTY_ASSIGNED_CONTEXT((#5155))
GLOBAL_UNIT_ASSIGNED_CONTEXT((#5164,#5161,#5158))
REPRESENTATION_CONTEXT('03 - OLED retainer | M2 x 8 + foam',
'TOP_LEVEL_ASSEMBLY_PART')
);
#5153=(
GEOMETRIC_REPRESENTATION_CONTEXT(3)
GLOBAL_UNCERTAINTY_ASSIGNED_CONTEXT((#5156))
GLOBAL_UNIT_ASSIGNED_CONTEXT((#5165,#5162,#5159))
REPRESENTATION_CONTEXT('01 - Base | 76 x 78 x 23 mm',
'TOP_LEVEL_ASSEMBLY_PART')
);
#5154=UNCERTAINTY_MEASURE_WITH_UNIT(LENGTH_MEASURE(1.E-8),#5163,
'DISTANCE_ACCURACY_VALUE','Maximum Tolerance applied to model');
#5155=UNCERTAINTY_MEASURE_WITH_UNIT(LENGTH_MEASURE(1.E-8),#5164,
'DISTANCE_ACCURACY_VALUE','Maximum Tolerance applied to model');
#5156=UNCERTAINTY_MEASURE_WITH_UNIT(LENGTH_MEASURE(1.E-8),#5165,
'DISTANCE_ACCURACY_VALUE','Maximum Tolerance applied to model');
#5157=(
NAMED_UNIT(*)
SI_UNIT($,.STERADIAN.)
SOLID_ANGLE_UNIT()
);
#5158=(
NAMED_UNIT(*)
SI_UNIT($,.STERADIAN.)
SOLID_ANGLE_UNIT()
);
#5159=(
NAMED_UNIT(*)
SI_UNIT($,.STERADIAN.)
SOLID_ANGLE_UNIT()
);
#5160=(
NAMED_UNIT(*)
PLANE_ANGLE_UNIT()
SI_UNIT($,.RADIAN.)
);
#5161=(
NAMED_UNIT(*)
PLANE_ANGLE_UNIT()
SI_UNIT($,.RADIAN.)
);
#5162=(
NAMED_UNIT(*)
PLANE_ANGLE_UNIT()
SI_UNIT($,.RADIAN.)
);
#5163=(
LENGTH_UNIT()
NAMED_UNIT(*)
SI_UNIT($,.METRE.)
);
#5164=(
LENGTH_UNIT()
NAMED_UNIT(*)
SI_UNIT($,.METRE.)
);
#5165=(
LENGTH_UNIT()
NAMED_UNIT(*)
SI_UNIT($,.METRE.)
);
#5166=PRODUCT_DEFINITION_SHAPE('','',#5169);
#5167=PRODUCT_DEFINITION_SHAPE('','',#5170);
#5168=PRODUCT_DEFINITION_SHAPE('','',#5171);
#5169=PRODUCT_DEFINITION('','',#5175,#5172);
#5170=PRODUCT_DEFINITION('','',#5176,#5173);
#5171=PRODUCT_DEFINITION('','',#5177,#5174);
#5172=PRODUCT_DEFINITION_CONTEXT('',#5193,'design');
#5173=PRODUCT_DEFINITION_CONTEXT('',#5194,'design');
#5174=PRODUCT_DEFINITION_CONTEXT('',#5195,'design');
#5175=PRODUCT_DEFINITION_FORMATION_WITH_SPECIFIED_SOURCE('','',#5181,
 .NOT_KNOWN.);
#5176=PRODUCT_DEFINITION_FORMATION_WITH_SPECIFIED_SOURCE('','',#5182,
 .NOT_KNOWN.);
#5177=PRODUCT_DEFINITION_FORMATION_WITH_SPECIFIED_SOURCE('','',#5183,
 .NOT_KNOWN.);
#5178=PRODUCT_RELATED_PRODUCT_CATEGORY('','',(#5181));
#5179=PRODUCT_RELATED_PRODUCT_CATEGORY('','',(#5182));
#5180=PRODUCT_RELATED_PRODUCT_CATEGORY('','',(#5183));
#5181=PRODUCT('02 - Top plate | six MX keys + OLED',
'02 - Top plate | six MX keys + OLED',
'02 - Top plate | six MX keys + OLED',(#5187));
#5182=PRODUCT('03 - OLED retainer | M2 x 8 + foam',
'03 - OLED retainer | M2 x 8 + foam',
'03 - OLED retainer | M2 x 8 + foam',(#5188));
#5183=PRODUCT('01 - Base | 76 x 78 x 23 mm',
'01 - Base | 76 x 78 x 23 mm','01 - Base | 76 x 78 x 23 mm',(#5189));
#5184=PRODUCT_CATEGORY('','');
#5185=PRODUCT_CATEGORY('','');
#5186=PRODUCT_CATEGORY('','');
#5187=PRODUCT_CONTEXT('',#5193,'mechanical');
#5188=PRODUCT_CONTEXT('',#5194,'mechanical');
#5189=PRODUCT_CONTEXT('',#5195,'mechanical');
#5190=APPLICATION_PROTOCOL_DEFINITION('international standard',
'ap242_managed_model_based_3d_engineering',2020,#5193);
#5191=APPLICATION_PROTOCOL_DEFINITION('international standard',
'ap242_managed_model_based_3d_engineering',2020,#5194);
#5192=APPLICATION_PROTOCOL_DEFINITION('international standard',
'ap242_managed_model_based_3d_engineering',2020,#5195);
#5193=APPLICATION_CONTEXT('managed model based 3d engineering');
#5194=APPLICATION_CONTEXT('managed model based 3d engineering');
#5195=APPLICATION_CONTEXT('managed model based 3d engineering');
ENDSEC;
END-ISO-10303-21;
